InsectCount,SamplingDate,Location
11,01/08/1998,2
56,01/08/1998,2
30,01/08/1998,2
14,28/06/1998,2
17,28/06/1998,2
38,28/06/1998,2
21,07/03/1998,2
56,07/03/1998,2
17,07/03/1998,2
17,04/09/1999,3
20,04/09/1999,3
17,04/09/1999,3
41,04/09/1999,3
62,04/09/1999,3
6,04/09/1999,3
32,20/01/1999,3
17,20/01/1999,3
2,20/01/1999,3
43,26/08/1998,3
27,26/08/1998,3
48,26/08/1998,3
23,01/08/1998,3
30,01/08/1998,3
36,01/08/1998,3
11,28/06/1998,3
8,28/06/1998,3
19,28/06/1998,3
32,07/03/1998,3
14,07/03/1998,3
18,07/03/1998,3
13,04/09/1999,4
33,04/09/1999,4
11,04/09/1999,4
27,10/08/1999,4
11,10/08/1999,4
21,10/08/1999,4
0,20/01/1999,4
0,20/01/1999,4
0,20/01/1999,4
15,26/08/1998,4
17,26/08/1998,4
6,26/08/1998,4
22,01/08/1998,4
20,01/08/1998,4
19,01/08/1998,4
18,28/06/1998,4
15,28/06/1998,4
13,28/06/1998,4
11,07/03/1998,4
24,07/03/1998,4
6,07/03/1998,4
63,04/09/1999,5
28,04/09/1999,5
95,04/09/1999,5
19,10/08/1999,5
18,10/08/1999,5
13,10/08/1999,5
7,20/01/1999,5
6,20/01/1999,5
14,20/01/1999,5
15,26/08/1998,5
17,26/08/1998,5
24,26/08/1998,5
13,01/08/1998,5
13,01/08/1998,5
21,01/08/1998,5
17,28/06/1998,5
2,28/06/1998,5
16,28/06/1998,5
19,07/03/1998,5
8,07/03/1998,5
8,07/03/1998,5
22,04/09/1999,6
37,04/09/1999,6
29,04/09/1999,6
84,10/08/1999,6
57,10/08/1999,6
202,10/08/1999,6
0,20/01/1999,6
0,20/01/1999,6
0,20/01/1999,6
99,26/08/1998,6
50,26/08/1998,6
54,26/08/1998,6
44,01/08/1998,6
21,01/08/1998,6
20,01/08/1998,6
13,28/06/1998,6
6,28/06/1998,6
21,28/06/1998,6
9,07/03/1998,6
10,07/03/1998,6
18,07/03/1998,6
26,04/09/1999,7
69,04/09/1999,7
19,04/09/1999,7
3,10/08/1999,7
7,10/08/1999,7
17,10/08/1999,7
30,20/01/1999,7
20,20/01/1999,7
14,20/01/1999,7
22,26/08/1998,7
14,26/08/1998,7
136,26/08/1998,7
16,01/08/1998,7
21,01/08/1998,7
38,01/08/1998,7
8,28/06/1998,7
1,28/06/1998,7
9,28/06/1998,7
15,07/03/1998,7
21,07/03/1998,7
25,07/03/1998,7
134,04/09/1999,8
63,04/09/1999,8
49,04/09/1999,8
107,10/08/1999,8
51,10/08/1999,8
169,10/08/1999,8
6,20/01/1999,8
10,20/01/1999,8
19,20/01/1999,8
26,26/08/1998,8
18,26/08/1998,8
22,26/08/1998,8
44,01/08/1998,8
9,01/08/1998,8
26,01/08/1998,8
11,28/06/1998,8
3,28/06/1998,8
6,28/06/1998,8
7,07/03/1998,8
15,07/03/1998,8
45,07/03/1998,8
17,04/09/1999,9
12,04/09/1999,9
10,04/09/1999,9
48,10/08/1999,9
19,10/08/1999,9
16,10/08/1999,9
0,20/01/1999,9
10,20/01/1999,9
6,20/01/1999,9
17,26/08/1998,9
18,26/08/1998,9
20,26/08/1998,9
16,01/08/1998,9
28,01/08/1998,9
16,01/08/1998,9
5,28/06/1998,9
9,28/06/1998,9
8,28/06/1998,9
9,07/03/1998,9
26,07/03/1998,9
15,07/03/1998,9
37,04/09/1999,10
41,04/09/1999,10
28,04/09/1999,10
80,10/08/1999,10
10,10/08/1999,10
262,10/08/1999,10
4,20/01/1999,10
5,20/01/1999,10
2,20/01/1999,10
1,26/08/1998,10
6,26/08/1998,10
7,26/08/1998,10
134,01/08/1998,10
16,01/08/1998,10
11,01/08/1998,10
2,28/06/1998,10
2,28/06/1998,10
4,28/06/1998,10
456,07/03/1998,10
18,07/03/1998,10
7,07/03/1998,10
123,04/09/1999,11
49,04/09/1999,11
78,04/09/1999,11
35,10/08/1999,11
24,10/08/1999,11
77,10/08/1999,11
0,20/01/1999,11
0,20/01/1999,11
0,20/01/1999,11
34,26/08/1998,11
3,26/08/1998,11
28,26/08/1998,11
17,01/08/1998,11
34,01/08/1998,11
15,01/08/1998,11
9,28/06/1998,11
19,28/06/1998,11
6,28/06/1998,11
16,07/03/1998,11
50,07/03/1998,11
12,07/03/1998,11
11,04/09/1999,12
17,04/09/1999,12
10,04/09/1999,12
7,10/08/1999,12
3,10/08/1999,12
5,10/08/1999,12
0,20/01/1999,12
14,20/01/1999,12
6,20/01/1999,12
32,26/08/1998,12
14,26/08/1998,12
18,26/08/1998,12
5,01/08/1998,12
15,01/08/1998,12
37,01/08/1998,12
9,28/06/1998,12
19,28/06/1998,12
17,28/06/1998,12
49,07/03/1998,12
18,07/03/1998,12
20,07/03/1998,12
6,04/09/1999,13
27,04/09/1999,13
54,04/09/1999,13
0,10/08/1999,13
3,10/08/1999,13
6,10/08/1999,13
22,20/01/1999,13
6,20/01/1999,13
12,20/01/1999,13
3,26/08/1998,13
18,26/08/1998,13
0,26/08/1998,13
15,01/08/1998,13
20,01/08/1998,13
0,01/08/1998,13
24,28/06/1998,13
16,28/06/1998,13
32,28/06/1998,13
7,07/03/1998,13
16,07/03/1998,13
0,07/03/1998,13
10,04/09/1999,14
39,04/09/1999,14
25,04/09/1999,14
5,10/08/1999,14
9,10/08/1999,14
7,10/08/1999,14
10,20/01/1999,14
1,20/01/1999,14
8,20/01/1999,14
23,26/08/1998,14
30,26/08/1998,14
29,26/08/1998,14
25,01/08/1998,14
8,01/08/1998,14
26,01/08/1998,14
10,28/06/1998,14
6,28/06/1998,14
16,28/06/1998,14
87,07/03/1998,14
70,07/03/1998,14
53,07/03/1998,14
99,04/09/1999,15
36,04/09/1999,15
67,04/09/1999,15
30,10/08/1999,15
122,10/08/1999,15
172,10/08/1999,15
0,20/01/1999,15
8,20/01/1999,15
2,20/01/1999,15
37,26/08/1998,15
11,26/08/1998,15
72,26/08/1998,15
35,01/08/1998,15
8,01/08/1998,15
11,01/08/1998,15
68,28/06/1998,15
10,28/06/1998,15
36,28/06/1998,15
15,07/03/1998,15
21,07/03/1998,15
11,07/03/1998,15
142,04/02/1998,1
122,04/02/1998,1
31,04/02/1998,1
83,04/02/1998,2
54,04/02/1998,2
23,04/02/1998,2
45,04/02/1998,3
29,04/02/1998,3
81,04/02/1998,3
73,04/02/1998,4
51,04/02/1998,4
17,04/02/1998,4
79,04/02/1998,5
118,04/02/1998,5
150,04/02/1998,5
35,04/02/1998,6
116,04/02/1998,6
54,04/02/1998,6
48,04/02/1998,7
21,04/02/1998,7
27,04/02/1998,7
3,04/02/1998,8
32,04/02/1998,8
31,04/02/1998,8
19,04/02/1998,9
76,04/02/1998,9
38,04/02/1998,9
161,04/02/1998,10
101,04/02/1998,10
60,04/02/1998,10
51,04/02/1998,11
29,04/02/1998,11
32,04/02/1998,11
21,04/02/1998,12
29,04/02/1998,12
49,04/02/1998,12
12,04/02/1998,13
25,04/02/1998,13
50,04/02/1998,13
39,04/02/1998,14
29,04/02/1998,14
54,04/02/1998,14
74,04/02/1998,15
26,04/02/1998,15
31,04/02/1998,15
11,23/08/1997,1
18,23/08/1997,1
17,23/08/1997,1
14,23/08/1997,2
6,23/08/1997,2
21,23/08/1997,2
51,23/08/1997,3
9,23/08/1997,3
40,23/08/1997,3
32,23/08/1997,4
24,23/08/1997,4
18,23/08/1997,4
128,23/08/1997,5
7,23/08/1997,5
15,23/08/1997,5
32,02/07/2004,9
23,02/07/2004,9
27,02/07/2004,9
19,02/07/2004,9
8,02/07/2004,9
35,01/08/2004,9
18,01/08/2004,9
24,01/08/2004,9
47,01/08/2004,9
4,01/08/2004,9
17,02/07/2004,13
30,02/07/2004,13
66,02/07/2004,13
0,01/08/2004,13
3,01/08/2004,13
51,01/08/2004,13
4,01/06/2004,1
15,01/06/2004,1
5,01/06/2004,1
7,01/06/2004,1
13,01/06/2004,1
0,01/06/2004,1
6,01/06/2004,1
4,01/06/2004,1
10,02/07/2004,1
61,02/07/2004,1
10,02/07/2004,1
20,02/07/2004,1
25,02/07/2004,1
8,02/07/2004,1
7,02/07/2004,1
10,01/08/2004,1
22,01/08/2004,1
15,01/08/2004,1
4,01/08/2004,1
15,01/08/2004,1
5,01/08/2004,1
5,01/08/2004,1
10,01/06/2004,3
6,01/06/2004,3
4,01/06/2004,3
2,01/06/2004,3
3,01/06/2004,3
0,01/06/2004,3
21,02/07/2004,3
92,02/07/2004,3
63,02/07/2004,3
12,02/07/2004,3
1,02/07/2004,3
21,02/07/2004,3
19,01/08/2004,3
45,01/08/2004,3
27,01/08/2004,3
31,01/08/2004,3
8,01/08/2004,3
2,01/06/2004,2
10,01/06/2004,2
11,01/06/2004,2
2,01/06/2004,2
1,01/06/2004,2
0,01/06/2004,2
20,02/07/2004,2
40,02/07/2004,2
14,02/07/2004,2
21,02/07/2004,2
5,02/07/2004,2
10,02/07/2004,2
5,01/08/2004,2
2,01/08/2004,2
14,01/08/2004,2
15,01/08/2004,2
5,01/08/2004,2
2,01/06/2004,4
7,01/06/2004,4
5,01/06/2004,4
1,01/06/2004,4
0,01/06/2004,4
2,02/07/2004,4
50,02/07/2004,4
14,02/07/2004,4
8,02/07/2004,4
10,02/07/2004,4
3,02/07/2004,4
2,01/08/2004,4
14,01/08/2004,4
5,01/08/2004,4
11,01/08/2004,4
2,01/08/2004,4
2,01/08/2004,4
0,01/06/2004,10
8,01/06/2004,10
1,01/06/2004,10
20,01/06/2004,10
2,01/06/2004,10
6,02/07/2004,10
10,02/07/2004,10
4,02/07/2004,10
15,02/07/2004,10
3,02/07/2004,10
14,02/07/2004,10
18,01/08/2004,10
17,01/08/2004,10
2,01/08/2004,10
5,01/08/2004,10
2,01/08/2004,10
5,01/06/2004,5
8,01/06/2004,5
2,01/06/2004,5
6,01/06/2004,5
4,01/06/2004,5
19,02/07/2004,5
19,02/07/2004,5
19,02/07/2004,5
49,02/07/2004,5
1,02/07/2004,5
27,02/07/2004,5
25,01/08/2004,5
15,01/08/2004,5
9,01/08/2004,5
5,01/08/2004,5
4,01/08/2004,5
8,03/06/2004,6
20,03/06/2004,6
5,03/06/2004,6
19,03/06/2004,6
1,03/06/2004,6
0,03/06/2004,6
40,02/07/2004,6
42,02/07/2004,6
18,02/07/2004,6
8,02/07/2004,6
77,02/07/2004,6
4,02/07/2004,6
13,02/07/2004,6
9,02/07/2004,6
73,01/08/2004,6
50,01/08/2004,6
75,01/08/2004,6
46,01/08/2004,6
89,01/08/2004,6
4,01/08/2004,6
5,01/08/2004,6
24,03/06/2004,7
12,03/06/2004,7
7,03/06/2004,7
14,02/07/2004,7
24,02/07/2004,7
10,02/07/2004,7
16,02/07/2004,7
10,02/07/2004,7
18,01/08/2004,7
58,01/08/2004,7
24,01/08/2004,7
20,01/08/2004,7
27,01/08/2004,7
6,03/06/2004,8
5,03/06/2004,8
7,03/06/2004,8
8,03/06/2004,8
14,02/07/2004,8
13,02/07/2004,8
9,02/07/2004,8
23,02/07/2004,8
9,01/08/2004,8
10,01/08/2004,8
21,01/08/2004,8
21,01/08/2004,8
6,03/06/2004,15
9,03/06/2004,15
8,03/06/2004,15
9,03/06/2004,15
4,03/06/2004,15
0,03/06/2004,15
1,03/06/2004,15
7,02/07/2004,15
24,02/07/2004,15
49,02/07/2004,15
19,02/07/2004,15
28,02/07/2004,15
3,02/07/2004,15
15,02/07/2004,15
8,02/07/2004,15
1,01/08/2004,15
13,01/08/2004,15
12,01/08/2004,15
7,01/08/2004,15
28,01/08/2004,15
1,01/08/2004,15
5,01/08/2004,15
4,03/06/2004,11
3,03/06/2004,11
4,03/06/2004,11
3,02/07/2004,11
44,02/07/2004,11
42,02/07/2004,11
5,01/08/2004,11
2,01/08/2004,11
14,01/08/2004,11
18,01/08/2004,11
2,03/06/2004,14
13,03/06/2004,14
5,03/06/2004,14
5,03/06/2004,14
3,02/07/2004,14
40,02/07/2004,14
18,02/07/2004,14
11,02/07/2004,14
2,01/08/2004,14
9,01/08/2004,14
18,01/08/2004,14
14,01/08/2004,14
22,03/06/2004,9
7,03/06/2004,9
7,03/06/2004,9
8,03/06/2004,9
20,27/06/2004,1
36,27/06/2004,1
20,27/06/2004,1
18,27/06/2004,2
22,27/06/2004,2
18,27/06/2004,2
33,27/06/2004,2
34,27/06/2004,3
43,27/06/2004,3
22,27/06/2004,3
51,27/06/2004,3
4,27/06/2004,4
4,27/06/2004,4
9,27/06/2004,4
1,27/06/2004,4
8,27/06/2004,5
22,27/06/2004,5
2,27/06/2004,5
11,28/06/2004,6
3,28/06/2004,6
15,28/06/2004,6
3,28/06/2004,6
16,28/06/2004,6
4,28/06/2004,7
4,28/06/2004,7
5,28/06/2004,7
1,28/06/2004,7
28,28/06/2004,8
9,28/06/2004,8
15,28/06/2004,8
7,31/08/2004,1
21,31/08/2004,1
12,31/08/2004,1
0,31/08/2004,1
19,31/08/2004,1
7,31/08/2004,1
1,31/08/2004,1
28,28/06/2004,9
24,28/06/2004,9
16,28/06/2004,9
3,21/07/2004,6
9,21/07/2004,6
9,21/07/2004,6
15,21/07/2004,6
4,21/07/2004,4
6,21/07/2004,4
7,21/07/2004,4
13,21/07/2004,4
14,21/07/2004,2
7,21/07/2004,2
27,21/07/2004,2
25,21/07/2004,2
10,21/07/2004,3
75,21/07/2004,3
31,21/07/2004,3
48,21/07/2004,3
16,21/07/2004,5
31,21/07/2004,5
6,21/07/2004,5
24,21/07/2004,5
21,21/07/2004,8
17,21/07/2004,8
2,21/07/2004,8
5,31/08/2004,3
12,31/08/2004,3
29,31/08/2004,3
14,31/08/2004,3
8,31/08/2004,2
7,31/08/2004,2
13,31/08/2004,2
19,31/08/2004,2
1,31/08/2004,2
8,31/08/2004,4
21,31/08/2004,4
7,31/08/2004,4
2,31/08/2004,4
11,31/08/2004,4
1,31/08/2004,4
37,31/08/2004,10
4,31/08/2004,10
4,31/08/2004,10
3,31/08/2004,10
1,31/08/2004,10
4,31/08/2004,13
10,31/08/2004,13
53,31/08/2004,13
32,31/08/2004,5
5,31/08/2004,5
22,31/08/2004,5
17,31/08/2004,5
8,31/08/2004,5
3,31/08/2004,5
4,31/08/2004,14
20,31/08/2004,14
7,31/08/2004,14
4,31/08/2004,14
16,31/08/2004,9
8,31/08/2004,9
12,31/08/2004,9
27,31/08/2004,9
2,31/08/2004,9
7,31/08/2004,6
2,31/08/2004,6
14,31/08/2004,6
17,31/08/2004,6
40,31/08/2004,6
15,31/08/2004,6
16,31/08/2004,7
59,31/08/2004,7
20,31/08/2004,7
39,31/08/2004,7
2,31/08/2004,8
2,31/08/2004,8
18,31/08/2004,8
12,31/08/2004,8
15,31/08/2004,8
7,31/08/2004,15
6,31/08/2004,15
5,31/08/2004,15
21,31/08/2004,15
28,31/08/2004,15
1,31/08/2004,15
6,31/08/2004,15
2,31/08/2004,11
9,31/08/2004,11
7,31/08/2004,11
7,21/07/2004,9
18,21/07/2004,9
4,21/07/2004,7
1,21/07/2004,7
4,21/07/2004,7
13,21/07/2004,7
5,21/07/2004,1
4,21/07/2004,1
16,21/07/2004,1
0,21/08/2004,6
8,21/08/2004,6
6,21/08/2004,6
0,21/08/2004,6
17,21/08/2004,6
4,21/08/2004,7
2,21/08/2004,7
3,21/08/2004,7
7,21/08/2004,7
4,21/08/2004,1
6,21/08/2004,1
43,21/08/2004,1
5,21/08/2004,2
6,21/08/2004,2
29,21/08/2004,2
47,21/08/2004,2
4,21/08/2004,3
86,21/08/2004,3
131,21/08/2004,3
17,21/08/2004,3
4,21/08/2004,4
9,21/08/2004,4
3,21/08/2004,4
7,21/08/2004,4
4,21/08/2004,8
76,21/08/2004,8
4,21/08/2004,9
19,21/08/2004,9
6,21/08/2004,5
131,21/08/2004,5
24,21/08/2004,5
5,21/08/2004,10
26,21/08/2004,10
53,04/09/1999,1
73,04/09/1999,1
9,04/09/1999,1
0,10/08/1999,1
15,10/08/1999,1
12,10/08/1999,1
11,20/01/1999,1
14,20/01/1999,1
6,20/01/1999,1
24,26/08/1998,1
25,26/08/1998,1
45,26/08/1998,1
25,01/08/1998,1
26,01/08/1998,1
12,01/08/1998,1
1,28/06/1998,1
14,28/06/1998,1
13,28/06/1998,1
27,07/03/1998,1
22,07/03/1998,1
18,07/03/1998,1
16,04/09/1999,2
23,04/09/1999,2
6,04/09/1999,2
35,10/08/1999,2
30,10/08/1999,2
2,10/08/1999,2
12,20/01/1999,2
14,20/01/1999,2
2,20/01/1999,2
15,26/08/1998,2
12,26/08/1998,2
11,26/08/1998,2
23,23/08/1997,6
22,23/08/1997,6
13,23/08/1997,6
17,23/08/1997,7
11,23/08/1997,7
20,23/08/1997,7
11,23/08/1997,8
5,23/08/1997,8
22,23/08/1997,8
12,23/08/1997,9
8,23/08/1997,9
21,23/08/1997,9
182,23/08/1997,10
6,23/08/1997,10
14,23/08/1997,10
34,23/08/1997,11
21,23/08/1997,11
16,23/08/1997,11
166,23/08/1997,12
13,23/08/1997,12
15,23/08/1997,12
0,23/08/1997,13
2,23/08/1997,13
0,23/08/1997,13
2,23/08/1997,14
12,23/08/1997,14
22,23/08/1997,14
6,23/08/1997,15
11,23/08/1997,15
16,23/08/1997,15
18,31/07/1997,1
38,31/07/1997,1
47,31/07/1997,1
14,31/07/1997,2
36,31/07/1997,2
23,31/07/1997,2
20,31/07/1997,3
59,31/07/1997,3
48,31/07/1997,3
35,31/07/1997,4
24,31/07/1997,4
42,31/07/1997,4
101,31/07/1997,5
26,31/07/1997,5
29,31/07/1997,5
173,31/07/1997,6
40,31/07/1997,6
56,31/07/1997,6
155,31/07/1997,7
57,31/07/1997,7
164,31/07/1997,7
90,31/07/1997,8
11,31/07/1997,8
23,31/07/1997,8
24,31/07/1997,9
39,31/07/1997,9
94,31/07/1997,9
645,31/07/1997,10
8,31/07/1997,10
15,31/07/1997,10
19,31/07/1997,11
21,31/07/1997,11
19,31/07/1997,11
8,31/07/1997,12
17,31/07/1997,12
55,31/07/1997,12
3,31/07/1997,13
4,31/07/1997,13
8,31/07/1997,13
34,31/07/1997,14
24,31/07/1997,14
43,31/07/1997,14
12,31/07/1997,15
33,31/07/1997,15
48,31/07/1997,15
11,21/07/2003,1
14,21/07/2003,1
15,21/07/2003,1
35,20/08/2003,1
14,20/08/2003,1
18,20/08/2003,1
3,21/07/2003,3
6,21/07/2003,3
14,21/07/2003,3
1,20/08/2003,3
35,20/08/2003,3
15,20/08/2003,3
31,11/07/2003,4
8,11/07/2003,4
23,11/07/2003,4
6,11/07/2003,2
27,11/07/2003,2
24,11/07/2003,2
41,11/07/2003,4
87,11/07/2003,4
6,11/07/2003,4
9,18/07/2003,5
65,18/07/2003,5
24,18/07/2003,5
14,20/08/2003,5
26,20/08/2003,5
49,20/08/2003,5
3,14/07/2003,13
35,14/07/2003,13
19,14/07/2003,13
6,21/07/2003,6
98,21/07/2003,6
155,21/07/2003,6
26,20/08/2003,6
29,20/08/2003,6
20,20/08/2003,6
32,14/07/2003,9
23,14/07/2003,9
34,14/07/2003,9
23,14/07/2003,7
24,14/07/2003,7
8,14/07/2003,7
0,11/07/2003,15
15,11/07/2003,15
5,11/07/2003,15
5,15/07/2003,15
11,15/07/2003,15
66,15/07/2003,15
21,20/08/2003,15
65,20/08/2003,15
17,20/08/2003,15
2,21/07/2003,14
6,21/07/2003,14
36,21/07/2003,14
0,20/08/2003,14
25,20/08/2003,14
39,20/08/2003,14
14,20/08/2003,10
68,20/08/2003,10
18,20/08/2003,10
8,21/07/2003,11
6,21/07/2003,11
41,21/07/2003,11
9,20/08/2003,11
22,20/08/2003,11
57,20/08/2003,11
19,21/07/2003,15
85,21/07/2003,15
108,21/07/2003,15
31,20/08/2003,15
32,20/08/2003,15
41,20/08/2003,15
16,21/07/2003,13
14,21/07/2003,13
39,21/07/2003,13
11,20/08/2003,13
19,20/08/2003,13
130,20/08/2003,13
9,20/08/2003,4
23,20/08/2003,4
37,20/08/2003,4
16,20/08/2003,2
34,20/08/2003,2
19,20/08/2003,2
16,20/08/2003,9
11,20/08/2003,9
6,20/08/2003,9
35,20/08/2003,7
29,20/08/2003,7
6,20/08/2003,7
6,17/07/2003,10
52,17/07/2003,10
69,17/07/2003,10
18,30/07/2003,8
24,30/07/2003,8
52,30/07/2003,8
10,30/07/2003,8
18,20/08/2003,8
38,20/08/2003,8
11,20/08/2003,8
13,03/07/1996,1
27,03/07/1996,1
9,03/07/1996,1
50,03/07/1996,9
21,03/07/1996,9
14,03/07/1996,9
8,03/07/1996,2
16,03/07/1996,2
8,03/07/1996,2
6,03/07/1996,13
22,03/07/1996,13
0,03/07/1996,13
2,03/07/1996,6
76,03/07/1996,6
0,03/07/1996,6
34,03/07/1996,8
18,03/07/1996,8
28,03/07/1996,8
12,03/07/1996,4
30,03/07/1996,4
4,03/07/1996,4
30,03/07/1996,11
34,03/07/1996,11
26,03/07/1996,11
24,03/07/1996,7
26,03/07/1996,7
10,03/07/1996,7
48,03/07/1996,14
70,03/07/1996,14
42,03/07/1996,14
44,03/07/1996,5
58,03/07/1996,5
8,03/07/1996,5
126,03/07/1996,10
16,03/07/1996,10
4,03/07/1996,10
16,03/07/1996,3
62,03/07/1996,3
6,03/07/1996,3
16,03/07/1996,15
48,03/07/1996,15
34,03/07/1996,15
6,03/07/1996,12
14,03/07/1996,12
8,03/07/1996,12
26,17/07/1996,1
26,17/07/1996,1
4,17/07/1996,1
52,17/07/1996,9
44,17/07/1996,9
28,17/07/1996,9
79,17/07/1996,2
34,17/07/1996,2
18,17/07/1996,2
2,17/07/1996,13
0,17/07/1996,13
4,17/07/1996,13
26,17/07/1996,6
20,17/07/1996,6
26,17/07/1996,6
58,17/07/1996,8
18,17/07/1996,8
20,17/07/1996,8
52,17/07/1996,4
52,17/07/1996,4
24,17/07/1996,4
6,17/07/1996,11
14,17/07/1996,11
14,17/07/1996,11
0,17/07/1996,7
50,17/07/1996,7
20,17/07/1996,7
46,17/07/1996,15
36,17/07/1996,15
4,17/07/1996,15
14,17/07/1996,5
32,17/07/1996,5
28,17/07/1996,5
144,17/07/1996,10
20,17/07/1996,10
150,17/07/1996,10
38,17/07/1996,3
60,17/07/1996,3
28,17/07/1996,3
261,17/07/1996,14
52,17/07/1996,14
97,17/07/1996,14
142,17/07/1996,12
26,17/07/1996,12
105,17/07/1996,12
1,08/08/1996,1
36,08/08/1996,1
36,08/08/1996,1
0,08/08/1996,3
28,08/08/1996,3
16,08/08/1996,3
4,08/08/1996,2
18,08/08/1996,2
17,08/08/1996,2
85,08/08/1996,14
61,08/08/1996,14
37,08/08/1996,14
155,08/08/1996,6
38,08/08/1996,6
31,08/08/1996,6
17,08/08/1996,7
63,08/08/1996,7
52,08/08/1996,7
24,08/08/1996,9
24,08/08/1996,9
39,08/08/1996,9
52,08/08/1996,15
20,08/08/1996,15
28,08/08/1996,15
336,08/08/1996,8
74,08/08/1996,8
39,08/08/1996,8
127,08/08/1996,4
21,08/08/1996,4
14,08/08/1996,4
30,08/08/1996,5
75,08/08/1996,5
36,08/08/1996,5
6,08/08/1996,12
28,08/08/1996,12
130,08/08/1996,12
5,08/08/1996,13
9,08/08/1996,13
22,08/08/1996,11
25,08/08/1996,11
22,08/08/1996,11
275,08/08/1996,10
19,08/08/1996,10
315,08/08/1996,10
24,01/01/1987,1.1
4,01/01/1987,1.1
5,01/01/1987,1.1
5,01/01/1987,1.1
27,01/01/1987,2
28,01/01/1987,2
24,01/01/1987,2
1,01/01/1987,2
28,01/01/1987,2
5,01/01/1987,2
26,01/01/1987,2
5,01/01/1987,2
29,01/01/1987,3
23,01/01/1987,3
26,01/01/1987,3
4,01/01/1987,3
4,01/01/1987,3
8,01/01/1987,4
21,01/01/1987,4
10,01/01/1987,4
30,01/01/1987,4
3,01/01/1987,4
13,01/01/1987,4
3,01/01/1987,4
33,01/01/1987,5
15,01/01/1987,5
1,01/01/1987,5
11,01/01/1987,5
5,01/01/1987,5
27,01/01/1987,5
5,01/01/1987,5
31,01/01/1987,6
404,01/01/1987,6
134,01/01/1987,6
9,01/01/1987,6
30,01/01/1987,6
190,01/01/1987,6
13,01/01/1987,6
70,01/01/1987,6.1
138,01/01/1987,6.1
52,01/01/1987,6.1
20,01/01/1987,6.1
14,01/01/1987,6.1
87,01/01/1987,6.1
14,01/01/1987,6.1
8,01/01/1987,7
21,01/01/1987,7
10,01/01/1987,7
9,01/01/1987,7
0,01/01/1987,7
30,01/01/1987,7
0,01/01/1987,7
3,01/01/1987,7
13,01/01/1987,7
3,01/01/1987,7
7,01/01/1987,8
20,01/01/1987,8
10,01/01/1987,8
6,01/01/1987,8
38,01/01/1987,8
0,01/01/1987,8
4,01/01/1987,8
12,01/01/1987,8
4,01/01/1987,8
202,01/01/1987,9
81,01/01/1987,9
109,01/01/1987,9
6,01/01/1987,9
38,01/01/1987,9
31,01/01/1987,9
22,01/01/1987,9
133,01/01/1987,9
22,01/01/1987,9
19,01/01/1987,10
10,01/01/1987,10
7,01/01/1987,10
46,01/01/1987,10
6,01/01/1987,10
12,01/01/1987,10
6,01/01/1987,10
95,01/01/1987,11
25,01/01/1987,11
3,01/01/1987,11
11,01/01/1987,11
7,01/01/1987,11
51,01/01/1987,11
7,01/01/1987,11
130,01/01/1987,12
27,01/01/1987,12
70,01/01/1987,12
6,01/01/1987,12
22,01/01/1987,12
11,01/01/1987,12
76,01/01/1987,12
11,01/01/1987,12
117,01/01/1987,13
202,01/01/1987,13
81,01/01/1987,13
109,01/01/1987,13
6,01/01/1987,13
22,01/01/1987,13
133,01/01/1987,13
22,01/01/1987,13
98,01/01/1987,14
47,01/01/1987,14
2,01/01/1987,14
34,01/01/1987,14
118,01/01/1987,14
34,01/01/1987,14
95,01/01/1987,15
72,01/01/1987,15
42,01/01/1987,15
2,01/01/1987,15
13,01/01/1987,15
13,01/01/1987,15
23,01/01/1987,16
16,01/01/1987,16
3,01/01/1987,16
17,01/01/1987,16
3,01/01/1987,16
19,01/01/1987,16
3,01/01/1987,16
44,01/01/1987,17
20,01/01/1987,17
23,01/01/1987,17
6,01/01/1987,17
1,01/01/1987,17
44,01/01/1987,17
6,01/01/1987,17
29,01/01/1987,17
6,01/01/1987,17
52,01/01/1987,18
32,01/01/1987,18
2,01/01/1987,18
29,01/01/1987,18
13,01/01/1987,18
6,01/01/1987,18
72,01/01/1987,18
6,01/01/1987,18
144,01/01/1987,19
140,01/01/1987,19
80,01/01/1987,19
0,01/01/1987,19
5,01/01/1987,19
31,01/01/1987,19
20,01/01/1987,19
144,01/01/1987,20
140,01/01/1987,20
80,01/01/1987,20
5,01/01/1987,20
31,01/01/1987,20
20,01/01/1987,20
121,01/01/1987,20
20,01/01/1987,20
176,01/01/1987,21
115,01/01/1987,21
7,01/01/1987,21
49,01/01/1987,21
29,01/01/1987,21
134,01/01/1987,21
29,01/01/1987,21
63,01/01/1987,22
134,01/01/1987,22
54,01/01/1987,22
84,01/01/1987,22
19,01/01/1987,22
22,01/01/1987,22
15,01/01/1987,22
84,01/01/1987,22
15,01/01/1987,22
33,01/01/1987,23
95,01/01/1987,23
25,01/01/1987,23
30,01/01/1987,23
3,01/01/1987,23
11,01/01/1987,23
7,01/01/1987,23
51,01/01/1987,23
7,01/01/1987,23
63,01/01/1987,24
135,01/01/1987,24
63,01/01/1987,24
88,01/01/1987,24
4,01/01/1987,24
26,01/01/1987,24
16,01/01/1987,24
87,01/01/1987,24
16,01/01/1987,24
103,01/01/1987,25
57,01/01/1987,25
84,01/01/1987,25
4,01/01/1987,25
20,01/01/1987,25
12,01/01/1987,25
75,01/01/1987,25
12,01/01/1987,25
111,01/01/1987,26
151,01/01/1987,26
71,01/01/1987,26
74,01/01/1987,26
4,01/01/1987,26
17,01/01/1987,26
8,01/01/1987,26
111,01/01/1987,26
111,01/01/1987,27
151,01/01/1987,27
71,01/01/1987,27
4,01/01/1987,27
17,01/01/1987,27
8,01/01/1987,27
111,01/01/1987,27
8,01/01/1987,27
154,01/01/1987,28
136,01/01/1987,28
84,01/01/1987,28
5,01/01/1987,28
7,01/01/1987,28
125,01/01/1987,28
24,01/01/1987,29
15,01/01/1987,29
6,01/01/1987,29
1,01/01/1987,29
29,01/01/1987,29
8,01/01/1987,29
23,01/01/1987,29
8,01/01/1987,29
41,01/01/1987,30
7,01/01/1987,30
3,01/01/1987,30
4,01/01/1987,30
18,01/01/1987,30
1,01/01/1987,30
19,01/01/1987,30
1,01/01/1987,30
10,01/01/1987,31
28,01/01/1987,31
11,01/01/1987,31
2,01/01/1987,31
14,01/01/1987,31
4,01/01/1987,31
2,01/01/1987,31
16,01/01/1987,31
4,01/01/1987,31
12,01/01/1987,32
14,01/01/1987,32
13,01/01/1987,32
10,01/01/1987,32
13,01/01/1987,32
4,01/01/1987,32
3,01/01/1987,32
3,01/01/1987,32
14,01/01/1987,33
13,01/01/1987,33
17,01/01/1987,33
9,01/01/1987,33
0,01/01/1987,33
4,01/01/1987,33
5,01/01/1987,33
5,01/01/1987,33
17,01/01/1987,34
13,01/01/1987,34
2,01/01/1987,34
3,01/01/1987,34
3,01/01/1987,34
16,01/01/1987,34
3,01/01/1987,34
19,01/01/1987,35
16,01/01/1987,35
2,01/01/1987,35
4,01/01/1987,35
1,01/01/1987,35
1,01/01/1987,35
22,01/01/1987,36
8,01/01/1987,36
1,01/01/1987,36
7,01/01/1987,36
2,01/01/1987,36
17,01/01/1987,36
2,01/01/1987,36
14,01/01/1987,37
9,01/01/1987,37
17,01/01/1987,37
4,01/01/1987,37
12,01/01/1987,37
4,01/01/1987,37
20,01/01/1987,38
86,01/01/1987,38
27,01/01/1987,38
5,01/01/1987,38
3,01/01/1987,38
44,01/01/1987,38
3,01/01/1987,38
111,01/01/1987,39
23,01/01/1987,39
16,01/01/1987,39
1,01/01/1987,39
4,01/01/1987,39
50,01/01/1987,39
2,01/01/1987,39
20,01/01/1987,40
86,01/01/1987,40
27,01/01/1987,40
61,01/01/1987,40
5,01/01/1987,40
3,01/01/1987,40
44,01/01/1987,40
3,01/01/1987,40
20,01/01/1987,41
86,01/01/1987,41
27,01/01/1987,41
61,01/01/1987,41
5,01/01/1987,41
3,01/01/1987,41
44,01/01/1987,41
3,01/01/1987,41
96,01/01/1987,42
48,01/01/1987,42
15,01/01/1987,42
5,01/01/1987,42
2,01/01/1987,42
3,01/01/1987,42
4,01/01/1987,42
5,01/01/1987,42
4,01/01/1987,42
10,01/01/1987,43
7,01/01/1987,43
2,01/01/1987,43
22,01/01/1987,43
2,01/01/1987,43
50,01/01/1987,44
26,01/01/1987,44
10,01/01/1987,44
6,01/01/1987,44
28,01/01/1987,44
4,01/01/1987,44
48,01/01/1987,45
57,01/01/1987,45
14,01/01/1987,45
16,01/01/1987,45
7,01/01/1987,45
39,01/01/1987,45
6,01/01/1987,45
19,01/01/1987,46
19,01/01/1987,46
16,01/01/1987,46
21,01/01/1987,46
2,01/01/1987,46
4,01/01/1987,46
1,01/01/1987,46
18,01/01/1987,46
1,01/01/1987,46
72,01/01/1987,47
93,01/01/1987,47
20,01/01/1987,47
8,01/01/1987,47
9,01/01/1987,47
62,01/01/1987,47
4,01/01/1987,47
88,01/01/1987,48
50,01/01/1987,48
52,01/01/1987,48
32,01/01/1987,48
2,01/01/1987,48
37,01/01/1987,48
14,01/01/1987,48
64,01/01/1987,48
14,01/01/1987,48
42,01/01/1987,49
68,01/01/1987,49
33,01/01/1987,49
22,01/01/1987,49
2,01/01/1987,49
16,01/01/1987,49
8,01/01/1987,49
48,01/01/1987,49
8,01/01/1987,49
99,01/01/1987,50
167,01/01/1987,50
41,01/01/1987,50
44,01/01/1987,50
3,01/01/1987,50
20,01/01/1987,50
10,01/01/1987,50
102,01/01/1987,50
10,01/01/1987,50
18,01/01/1987,51
31,01/01/1987,51
19,01/01/1987,51
7,01/01/1987,51
2,01/01/1987,51
18,01/01/1987,51
8,01/01/1987,51
23,01/01/1987,51
8,01/01/1987,51
10,01/01/1987,52
13,01/01/1987,52
11,01/01/1987,52
9,01/01/1987,52
4,01/01/1987,52
21,01/01/1987,52
6,01/01/1987,52
19,01/01/1987,52
6,01/01/1987,52
10,01/01/1987,53
5,01/01/1987,53
2,01/01/1987,53
3,01/01/1987,53
4,01/01/1987,53
11,01/01/1987,53
37,01/01/1987,54
90,01/01/1987,54
24,01/01/1987,54
6,01/01/1987,54
50,01/01/1987,54
6,01/01/1987,54
16,01/01/1987,55
16,01/01/1987,55
10,01/01/1987,55
1,01/01/1987,55
3,01/01/1987,55
2,01/01/1987,55
13,01/01/1987,55
16,01/01/1987,56
10,01/01/1987,56
12,01/01/1987,56
1,01/01/1987,56
3,01/01/1987,56
2,01/01/1987,56
2,01/01/1987,56
37,01/01/1987,57
12,01/01/1987,57
10,01/01/1987,57
2,01/01/1987,57
2,01/01/1987,57
18,01/01/1987,57
2,01/01/1987,57
36,01/01/1987,58
2,01/01/1987,58
2,01/01/1987,58
0,01/01/1987,58
7,01/01/1987,58
25,01/01/1987,58
7,01/01/1987,58
54,01/01/1987,59
65,01/01/1987,59
44,01/01/1987,59
49,01/01/1987,59
10,01/01/1987,59
54,01/01/1987,59
10,01/01/1987,59
52,01/01/1987,60
30,01/01/1987,60
36,01/01/1987,60
33,01/01/1987,60
8,01/01/1987,60
2,01/01/1987,60
6,01/01/1987,60
18,01/01/1987,60
12,01/01/1987,61
2,01/01/1987,61
2,01/01/1987,61
18,01/01/1987,61
2,01/01/1987,61
54,01/01/1987,62
65,01/01/1987,62
44,01/01/1987,62
49,01/01/1987,62
5,01/01/1987,62
54,01/01/1987,62
10,01/01/1987,62
0,01/01/1987,63
19,01/01/1987,63
26,01/01/1987,63
20,01/01/1987,63
2,01/01/1987,63
6,01/01/1987,63
30,01/01/1987,63
11,01/01/1987,63
48,01/01/1987,64
43,01/01/1987,64
28,01/01/1987,64
5,01/01/1987,64
2,01/01/1987,64
6,01/01/1987,64
8,01/01/1987,64
40,01/01/1987,64
8,01/01/1987,64
7,01/01/1987,65
33,01/01/1987,65
32,01/01/1987,65
1,01/01/1987,65
2,01/01/1987,65
6,01/01/1987,65
21,01/01/1987,65
2,01/01/1987,65
77,01/01/1987,66
33,01/01/1987,66
19,01/01/1987,66
6,01/01/1987,66
2,01/01/1987,66
17,01/01/1987,67
20,01/01/1987,67
14,01/01/1987,67
2,01/01/1987,67
17,01/01/1987,68
20,01/01/1987,68
14,01/01/1987,68
4,01/01/1987,68
2,01/01/1987,68
2,01/01/1987,68
77,01/01/1987,69
33,01/01/1987,69
19,01/01/1987,69
1,01/01/1987,69
6,01/01/1987,69
43,01/01/1987,69
2,01/01/1987,69
20,01/01/1987,70
14,01/01/1987,70
2,01/01/1987,70
32,01/01/1987,70
2,01/01/1987,70
17,01/01/1987,70
2,01/01/1987,70
22,01/01/1987,71
20,01/01/1987,71
16,01/01/1987,71
8,01/01/1987,71
1,01/01/1987,71
2,01/01/1987,71
19,01/01/1987,71
2,01/01/1987,71
42,01/01/1987,72
14,01/01/1987,72
0,01/01/1987,72
4,01/01/1987,72
32,01/01/1987,72
2,01/01/1987,72
2,01/01/1987,72
22,01/01/1987,73
6,01/01/1987,73
16,01/01/1987,73
0,01/01/1987,73
15,01/01/1987,73
17,01/01/1987,74
65,01/01/1987,74
13,01/01/1987,74
0,01/01/1987,74
12,01/01/1987,74
32,01/01/1987,74
3,01/01/1987,74
32,01/01/1987,74
3,01/01/1987,74
17,01/01/1987,75
49,01/01/1987,75
13,01/01/1987,75
16,01/01/1987,75
2,01/01/1987,75
6,01/01/1987,75
5,01/01/1987,75
26,01/01/1987,75
5,01/01/1987,75
48,01/01/1987,76
124,01/01/1987,76
71,01/01/1987,76
4,01/01/1987,76
17,01/01/1987,76
6,01/01/1987,76
70,01/01/1987,76
35,01/01/1987,77
73,01/01/1987,77
24,01/01/1987,77
23,01/01/1987,77
2,01/01/1987,77
6,01/01/1987,77
44,01/01/1987,77
8,01/01/1987,77
79,01/01/1987,78
140,01/01/1987,78
57,01/01/1987,78
4,01/01/1987,78
14,01/01/1987,78
7,01/01/1987,78
92,01/01/1987,78
7,01/01/1987,78
25,01/01/1987,79
136,01/01/1987,79
37,01/01/1987,79
5,01/01/1987,79
10,01/01/1987,79
7,01/01/1987,79
67,01/01/1987,79
7,01/01/1987,79
28,01/01/1987,80
90,01/01/1987,80
12,01/01/1987,80
14,01/01/1987,80
5,01/01/1987,80
4,01/01/1987,80
4,01/01/1987,80
42,01/01/1987,81
33,01/01/1987,81
15,01/01/1987,81
3,01/01/1987,81
5,01/01/1987,81
30,01/01/1987,81
2,01/01/1987,81
14,01/01/1987,82
32,01/01/1987,82
17,01/01/1987,82
2,01/01/1987,82
4,01/01/1987,82
21,01/01/1987,82
6,01/01/1987,82
14,01/01/1987,83
14,01/01/1987,83
2,01/01/1987,83
1,01/01/1987,83
2,01/01/1987,83
15,01/01/1987,83
1,01/01/1987,83
13,01/01/1987,84
2,01/01/1987,84
3,01/01/1987,84
24,01/01/1987,84
4,01/01/1987,84
77,01/01/1987,85
11,01/01/1987,85
5,01/01/1987,85
2,01/01/1987,85
40,01/01/1987,85
3,01/01/1987,85
48,01/01/1987,86
10,01/01/1987,86
7,01/01/1987,86
2,01/01/1987,86
2,01/01/1987,86
22,01/01/1987,86
2,01/01/1987,86
6,01/01/1987,87
0,01/01/1987,87
2,01/01/1987,87
4,01/01/1987,87
4,01/01/1987,87
8,01/01/1987,88
2,01/01/1987,88
5,01/01/1987,88
4,01/01/1987,88
5,01/01/1987,88
4,01/01/1987,88
25,01/01/1987,89
11,01/01/1987,89
68,01/01/1987,89
5,01/01/1987,89
7,01/01/1987,89
14,01/01/1987,89
4,01/01/1987,89
8,01/01/1987,90
24,01/01/1987,90
12,01/01/1987,90
2,01/01/1987,90
1,01/01/1987,90
14,01/01/1987,90
1,01/01/1987,90
12,01/01/1987,91
26,01/01/1987,91
17,01/01/1987,91
6,01/01/1987,91
4,01/01/1987,91
18,01/01/1987,91
24,01/01/1987,92
21,01/01/1987,92
22,01/01/1987,92
8,01/01/1987,92
4,01/01/1987,92
23,01/01/1987,92
2,01/01/1987,92
4,01/01/1987,93
10,01/01/1987,93
3,01/01/1987,93
3,01/01/1987,93
3,01/01/1987,93
3,01/01/1987,93
8,01/01/1987,93
3,01/01/1987,93
23,01/01/1987,94
18,01/01/1987,94
6,01/01/1987,94
4,01/01/1987,94
3,01/01/1987,94
20,01/01/1987,94
3,01/01/1987,94
15,01/01/1987,95.1
8,01/01/1987,95.1
2,01/01/1987,95.1
2,01/01/1987,95.1
3,01/01/1987,95.1
3,01/01/1987,95.1
3,01/01/1987,95.1
15,01/01/1987,95.2
8,01/01/1987,95.2
2,01/01/1987,95.2
2,01/01/1987,95.2
3,01/01/1987,95.2
3,01/01/1987,95.2
14,01/01/1987,95.2
33,01/01/1987,96
15,01/01/1987,96
22,01/01/1987,96
8,01/01/1987,96
2,01/01/1987,96
23,01/01/1987,96
2,01/01/1987,96
12,01/01/1987,97
2,01/01/1987,97
2,01/01/1987,97
2,01/01/1987,97
2,01/01/1987,97
17,01/01/1987,97
2,01/01/1987,97
10,01/01/1987,98
3,01/01/1987,98
3,01/01/1987,98
11,01/01/1987,98
3,01/01/1987,98
6,01/01/1987,99
2,01/01/1987,99
2,01/01/1987,99
8,01/01/1987,99
2,01/01/1987,99
9,01/01/1987,100
2,01/01/1987,100
7,01/01/1987,100
3,01/01/1987,100
23,01/01/1987,100
3,01/01/1987,100
33,01/01/1987,101
15,01/01/1987,101
22,01/01/1987,101
8,01/01/1987,101
2,01/01/1987,101
23,01/01/1987,101
2,01/01/1987,101
9,01/01/1987,102
32,01/01/1987,102
16,01/01/1987,102
5,01/01/1987,102
6,01/01/1987,102
19,01/01/1987,102
2,01/01/1987,102
14,01/01/1987,103
4,01/01/1987,103
25,01/01/1987,103
15,01/01/1987,103.1
22,01/01/1987,104
18,01/01/1987,104
6,01/01/1987,104
4,01/01/1987,104
19,01/01/1987,104
16,01/01/1987,105
22,01/01/1987,105
18,01/01/1987,105
6,01/01/1987,105
4,01/01/1987,105
19,01/01/1987,105
48,01/01/1987,106
57,01/01/1987,106
14,01/01/1987,106
7,01/01/1987,106
39,01/01/1987,106
6,01/01/1987,106
40,01/01/1987,107
154,01/01/1987,107
9,01/01/1987,107
75,01/01/1987,107
5,01/01/1987,107
18,01/01/1987,108
72,01/01/1987,108
3,01/01/1987,108
6,01/01/1987,108
37,01/01/1987,108
2,01/01/1987,108
77,01/01/1987,109
144,01/01/1987,109
21,01/01/1987,109
42,01/01/1987,109
2,01/01/1987,109
6,01/01/1987,109
7,01/01/1987,109
81,01/01/1987,109
6,01/01/1987,109
12,01/01/1987,110
2,01/01/1987,110
2,01/01/1987,110
1,01/01/1987,110
13,01/01/1987,110
1,01/01/1987,110
30,01/01/1987,111
20,01/01/1987,111
20,01/01/1987,111
7,01/01/1987,111
5,01/01/1987,111
32,01/01/1987,111
8,01/01/1987,111
30,01/01/1987,112
15,01/01/1987,112
9,01/01/1987,112
0,01/01/1987,112
5,01/01/1987,112
34,01/01/1987,112
6,01/01/1987,112
22,01/01/1987,114
65,01/01/1987,114
18,01/01/1987,114
21,01/01/1987,114
6,01/01/1987,114
35,01/01/1987,114
4,01/01/1987,114
34,01/01/1987,115
8,18/01/1990,1
11,18/01/1990,1
23,18/01/1990,1
4,18/01/1990,1
0,18/01/1990,1
4,18/01/1990,1
5,18/01/1990,4
28,18/01/1990,4
4,18/01/1990,4
2,18/01/1990,4
2,18/01/1990,4
2,18/01/1990,4
4,18/01/1990,11
48,18/01/1990,11
23,18/01/1990,11
7,18/01/1990,11
11,18/01/1990,11
8,18/01/1990,11
3,18/01/1990,12
3,18/01/1990,12
2,18/01/1990,12
7,18/01/1990,15
7,18/01/1990,15
2,18/01/1990,15
4,18/01/1990,15
6,18/01/1990,15
11,18/01/1990,15
25,18/01/1990,7
4,18/01/1990,6
2,18/01/1990,6
3,18/01/1990,9
2,18/01/1990,9
2,18/01/1990,9
1,18/01/1990,6
90,18/01/1990,6
2,18/01/1990,6
161,18/01/1990,14
2,18/01/1990,14
15,18/01/1990,14
3,18/01/1990,3
7,18/01/1990,3
2,18/01/1990,3
12,18/01/1990,3
2,18/01/1990,3
3,18/01/1990,3
3,18/01/1990,3
1,18/01/1990,3
3,18/01/1990,3
2,18/01/1990,5
2,18/01/1990,5
3,18/01/1990,5
1,18/01/1990,13
10,18/01/1990,13
4,18/01/1990,13
2,18/01/1990,2
2,18/01/1990,2
0,18/01/1990,2
0,19/03/1990,1
0,19/03/1990,1
10,19/03/1990,1
18,19/03/1990,1
12,19/03/1990,1
14,19/03/1990,1
1,19/03/1990,4
1,19/03/1990,4
1,19/03/1990,4
10,19/03/1990,2
10,19/03/1990,2
6,19/03/1990,2
6,19/03/1990,3
2,19/03/1990,3
0,19/03/1990,3
1,19/03/1990,3
0,19/03/1990,3
1,19/03/1990,3
1,19/03/1990,3
1,19/03/1990,3
31,19/03/1990,3
0,19/03/1990,4
8,19/03/1990,4
0,19/03/1990,4
18,19/03/1990,5
2,19/03/1990,5
1,19/03/1990,5
20,19/03/1990,12
4,19/03/1990,12
13,19/03/1990,12
96,19/03/1990,14
2,19/03/1990,14
1,19/03/1990,14
4,19/03/1990,9
2,19/03/1990,9
2,19/03/1990,9
1,19/03/1990,6
1,19/03/1990,6
0,19/03/1990,6
4,19/03/1990,6
1,19/03/1990,6
1,19/03/1990,6
0,19/03/1990,13
3,19/03/1990,13
0,19/03/1990,13
2,19/03/1990,11
2,19/03/1990,11
0,19/03/1990,11
1,19/03/1990,11
2,19/03/1990,11
0,19/03/1990,11
3,19/03/1990,7
3,19/03/1990,7
6,19/03/1990,7
3,19/03/1990,15
0,19/03/1990,15
2,19/03/1990,15
13,19/03/1990,15
1,19/03/1990,15
1,19/03/1990,15
10,19/07/1990,1
4,19/07/1990,1
4,19/07/1990,1
46,19/07/1990,1
8,19/07/1990,1
0,19/07/1990,1
2,19/07/1990,4
12,19/07/1990,4
14,19/07/1990,4
20,19/07/1990,2
34,19/07/1990,2
8,19/07/1990,2
24,19/07/1990,3
117,19/07/1990,3
14,19/07/1990,3
30,19/07/1990,3
42,19/07/1990,3
26,19/07/1990,3
24,19/07/1990,3
28,19/07/1990,3
28,19/07/1990,3
6,19/07/1990,4
20,19/07/1990,4
12,19/07/1990,4
24,19/07/1990,5
14,19/07/1990,5
12,19/07/1990,5
154,19/07/1990,12
40,19/07/1990,12
38,19/07/1990,12
16,19/07/1990,14
18,19/07/1990,14
10,19/07/1990,14
46,19/07/1990,9
44,19/07/1990,9
20,19/07/1990,9
26,19/07/1990,6
26,19/07/1990,6
12,19/07/1990,6
18,19/07/1990,6
26,19/07/1990,6
64,19/07/1990,13
18,19/07/1990,13
18,19/07/1990,13
10,19/07/1990,11
32,19/07/1990,11
0,19/07/1990,11
6,19/07/1990,11
8,19/07/1990,11
8,19/07/1990,11
84,19/07/1990,7
6,19/07/1990,7
20,19/07/1990,15
10,19/07/1990,15
10,19/07/1990,15
24,19/07/1990,15
4,19/07/1990,15
24,19/07/1990,15
6,20/08/1990,1
0,20/08/1990,1
18,20/08/1990,1
0,20/08/1990,1
4,20/08/1990,1
36,20/08/1990,4
22,20/08/1990,4
52,20/08/1990,4
12,20/08/1990,2
12,20/08/1990,2
10,20/08/1990,2
26,20/08/1990,3
24,20/08/1990,3
28,20/08/1990,3
28,20/08/1990,3
14,20/08/1990,3
16,20/08/1990,3
10,20/08/1990,3
22,20/08/1990,3
0,20/08/1990,4
14,20/08/1990,4
31,20/08/1990,4
16,20/08/1990,5
20,20/08/1990,5
28,20/08/1990,5
86,20/08/1990,12
16,20/08/1990,12
18,20/08/1990,12
62,20/08/1990,14
36,20/08/1990,14
20,20/08/1990,14
26,20/08/1990,9
20,20/08/1990,9
14,20/08/1990,9
24,20/08/1990,6
28,20/08/1990,6
2,20/08/1990,6
84,20/08/1990,6
34,20/08/1990,6
2,20/08/1990,6
4,20/08/1990,13
27,20/08/1990,13
6,20/08/1990,13
24,20/08/1990,11
26,20/08/1990,11
8,20/08/1990,11
50,20/08/1990,11
6,20/08/1990,11
4,20/08/1990,11
0,20/08/1990,7
44,20/08/1990,15
82,20/08/1990,15
10,20/08/1990,15
18,20/08/1990,15
24,20/08/1990,15
10,20/08/1990,15
4,18/01/1990,10
16,18/01/1990,10
9,18/01/1990,10
11,19/03/1990,10
3,19/03/1990,10
6,19/03/1990,10
81,19/07/1990,10
30,19/07/1990,10
21,19/07/1990,10
62,20/08/1990,10
16,20/08/1990,10
12,20/08/1990,10
1,18/01/1990,8
10,18/01/1990,8
14,18/01/1990,8
2,19/03/1990,8
3,19/03/1990,8
3,19/03/1990,8
74,19/07/1990,8
18,19/07/1990,8
12,19/07/1990,8
4,20/08/1990,8
27,20/08/1990,8
3,20/08/1990,8
82,16/06/2005,5
34,16/06/2005,5
12,16/06/2005,5
21,16/06/2005,2
14,16/06/2005,2
8,16/06/2005,2
19,16/06/2005,1
23,16/06/2005,1
15,16/06/2005,1
29,16/06/2005,3
25,16/06/2005,3
14,16/06/2005,3
42,16/06/2005,4
61,16/06/2005,4
31,16/06/2005,4
23,16/06/2005,10
26,16/06/2005,10
9,16/06/2005,10
13,16/06/2005,11
14,16/06/2005,11
11,16/06/2005,11
5,16/06/2005,13
7,16/06/2005,13
13,16/06/2005,13
2,16/06/2005,9
17,16/06/2005,9
52,16/06/2005,9
19,16/06/2005,14
34,16/06/2005,14
33,16/06/2005,14
9,16/06/2005,7
18,16/06/2005,7
10,16/06/2005,7
36,16/06/2005,6
23,16/06/2005,6
43,16/06/2005,6
37,16/06/2005,8
25,16/06/2005,8
15,16/06/2005,8
17,16/06/2005,15
20,16/06/2005,15
9,16/06/2005,15
18,01/07/2005,1
4,01/07/2005,1
12,01/07/2005,1
7,01/07/2005,1
13,01/07/2005,2
2,01/07/2005,2
6,01/07/2005,2
29,01/07/2005,2
14,01/07/2005,3
10,01/07/2005,3
21,01/07/2005,3
14,01/07/2005,3
33,01/07/2005,4
14,01/07/2005,4
3,01/07/2005,4
29,01/07/2005,4
3,01/07/2005,5
103,01/07/2005,5
44,01/07/2005,5
2,01/07/2005,6
8,01/07/2005,6
4,01/07/2005,6
4,01/07/2005,6
55,01/07/2005,6
9,01/07/2005,7
10,01/07/2005,7
15,01/07/2005,7
10,01/07/2005,7
115,01/07/2005,8
20,01/07/2005,8
86,01/07/2005,8
10,01/07/2005,9
123,01/07/2005,9
6,01/07/2005,10
27,01/07/2005,10
10,01/07/2005,11
23,01/07/2005,11
121,01/07/2005,11
11,01/07/2005,11
13,01/07/2005,12
29,01/07/2005,13
18,01/07/2005,13
12,01/07/2005,13
46,01/07/2005,13
0,21/07/2005,15
10,21/07/2005,15
4,21/07/2005,15
14,21/07/2005,15
12,21/07/2005,15
1,21/07/2005,15
11,21/07/2005,15
14,21/07/2005,9
20,21/07/2005,9
11,21/07/2005,9
5,21/07/2005,14
11,21/07/2005,14
8,21/07/2005,14
13,21/07/2005,14
6,21/07/2005,8
7,21/07/2005,8
14,21/07/2005,8
29,21/07/2005,8
8,21/07/2005,7
14,21/07/2005,7
28,21/07/2005,7
8,21/07/2005,7
24,21/07/2005,7
20,21/07/2005,6
15,21/07/2005,6
22,21/07/2005,6
7,21/07/2005,6
43,21/07/2005,6
21,21/07/2005,1
22,21/07/2005,1
9,21/07/2005,1
20,21/07/2005,3
11,21/07/2005,3
4,21/07/2005,3
16,21/07/2005,2
10,21/07/2005,2
10,21/07/2005,2
2,21/07/2005,4
41,21/07/2005,4
23,21/07/2005,4
9,21/07/2005,4
51,21/07/2005,4
2,21/07/2005,4
17,21/07/2005,5
28,21/07/2005,5
4,21/07/2005,5
12,21/07/2005,5
5,21/07/2005,10
10,21/07/2005,10
11,21/07/2005,10
5,21/07/2005,10
26,21/07/2005,13
6,21/07/2005,13
4,21/07/2005,13
3,21/07/2005,11
27,21/07/2005,11
17,21/07/2005,11
17,16/08/2005,1
20,16/08/2005,1
20,16/08/2005,1
24,16/08/2005,1
16,16/08/2005,3
8,16/08/2005,3
5,16/08/2005,3
13,16/08/2005,3
12,16/08/2005,2
18,16/08/2005,2
23,16/08/2005,2
26,16/08/2005,4
41,16/08/2005,4
22,16/08/2005,4
21,16/08/2005,4
2,16/08/2005,4
1,16/08/2005,4
12,16/08/2005,5
12,16/08/2005,5
12,16/08/2005,5
20,16/08/2005,5
0,16/08/2005,13
19,16/08/2005,13
48,16/08/2005,13
6,16/08/2005,13
119,16/08/2005,10
26,16/08/2005,10
2,16/08/2005,11
41,16/08/2005,11
18,16/08/2005,11
10,16/08/2005,15
22,16/08/2005,15
20,16/08/2005,15
6,16/08/2005,15
11,16/08/2005,15
36,16/08/2005,15
29,16/08/2005,15
5,16/08/2005,8
17,16/08/2005,8
15,16/08/2005,8
59,16/08/2005,8
66,16/08/2005,7
13,16/08/2005,7
28,16/08/2005,7
22,16/08/2005,7
10,16/08/2005,7
6,16/08/2005,14
33,16/08/2005,14
5,16/08/2005,14
15,16/08/2005,14
34,16/08/2005,9
1,16/08/2005,9
1,16/08/2005,9
27,16/08/2005,6
5,16/08/2005,6
25,16/08/2005,6
61,16/08/2005,6
13,16/08/2005,6
3,30/07/2005,6
2,30/07/2005,6
3,30/07/2005,6
18,30/07/2005,6
142,30/07/2005,6
10,30/07/2005,7
3,30/07/2005,7
3,30/07/2005,7
9,30/07/2005,7
8,30/07/2005,5
104,30/07/2005,5
20,30/07/2005,5
18,30/07/2005,4
6,30/07/2005,4
7,30/07/2005,4
30,30/07/2005,4
3,30/07/2005,3
4,30/07/2005,3
93,30/07/2005,3
12,30/07/2005,3
4,30/07/2005,13
6,30/07/2005,13
9,30/07/2005,13
7,30/07/2005,13
2,30/07/2005,10
16,30/07/2005,10
4,30/07/2005,12
36,30/07/2005,9
17,30/07/2005,9
242,30/07/2005,8
13,30/07/2005,8
92,30/07/2005,8
3,30/07/2005,2
37,30/07/2005,2
25,30/07/2005,2
12,30/07/2005,2
5,30/07/2005,1
2,30/07/2005,1
14,30/07/2005,1
10,30/07/2005,11
6,30/07/2005,11
6,30/07/2005,11
57,30/07/2005,11
7,30/07/2005,11
7,30/07/2005,11
63,30/07/2005,11
15,28/01/2009,1
12,28/01/2009,1
4,28/01/2009,1
58,28/01/2009,1
4,28/01/2009,3
8,28/01/2009,3
8,28/01/2009,3
19,28/01/2009,2
25,28/01/2009,2
14,28/01/2009,2
30,28/01/2009,14
10,28/01/2009,14
24,28/01/2009,14
48,28/01/2009,14
15,28/01/2009,9
5,28/01/2009,9
11,28/01/2009,9
10,28/01/2009,6
14,28/01/2009,6
15,28/01/2009,6
16,28/01/2009,6
61,28/01/2009,6
7,28/01/2009,7
11,28/01/2009,7
15,28/01/2009,7
10,28/01/2009,8
8,28/01/2009,8
4,28/01/2009,8
19,29/01/2009,15
13,29/01/2009,15
3,29/01/2009,15
28,29/01/2009,15
8,29/01/2009,15
3,29/01/2009,11
4,29/01/2009,11
1,29/01/2009,11
43,29/01/2009,11
9,29/01/2009,10
4,29/01/2009,10
12,29/01/2009,10
8,29/01/2009,10
69,29/01/2009,10
9,29/01/2009,10
17,29/01/2009,4
20,29/01/2009,4
31,29/01/2009,4
10,29/01/2009,4
26,29/01/2009,5
5,29/01/2009,5
16,29/01/2009,5
23,29/01/2009,5
48,29/01/2009,13
5,29/01/2009,13
5,23/02/2009,1
18,23/02/2009,1
8,23/02/2009,1
33,23/02/2009,1
5,23/02/2009,3
13,23/02/2009,3
30,23/02/2009,3
5,23/02/2009,2
18,23/02/2009,2
34,23/02/2009,2
17,23/02/2009,14
18,23/02/2009,14
82,23/02/2009,14
23,23/02/2009,14
4,23/02/2009,9
14,23/02/2009,9
45,23/02/2009,9
5,23/02/2009,6
9,23/02/2009,6
15,23/02/2009,6
49,23/02/2009,6
8,23/02/2009,6
5,23/02/2009,7
9,23/02/2009,7
7,23/02/2009,7
5,23/02/2009,8
2,23/02/2009,8
16,23/02/2009,8
12,23/02/2009,15
32,23/02/2009,15
9,23/02/2009,15
29,23/02/2009,15
4,23/02/2009,15
6,23/02/2009,11
10,23/02/2009,11
12,23/02/2009,11
17,23/02/2009,11
16,23/02/2009,10
2,23/02/2009,10
41,23/02/2009,10
2,23/02/2009,10
6,23/02/2009,10
4,23/02/2009,10
3,23/02/2009,4
55,23/02/2009,4
2,23/02/2009,4
2,23/02/2009,4
145,23/02/2009,5
20,23/02/2009,5
53,23/02/2009,5
24,23/02/2009,5
27,23/02/2009,13
19,23/02/2009,13
13,31/12/2008,1
15,31/12/2008,1
18,31/12/2008,1
11,31/12/2008,3
5,31/12/2008,3
25,31/12/2008,3
40,31/12/2008,2
32,31/12/2008,2
114,31/12/2008,2
42,31/12/2008,14
15,31/12/2008,14
36,31/12/2008,14
45,31/12/2008,14
20,31/12/2008,9
28,31/12/2008,9
23,31/12/2008,9
69,31/12/2008,6
76,31/12/2008,6
83,31/12/2008,6
63,31/12/2008,6
5,31/12/2008,6
31,31/12/2008,7
58,31/12/2008,7
18,31/12/2008,7
14,31/12/2008,8
2,31/12/2008,8
6,31/12/2008,8
59,31/12/2008,15
46,31/12/2008,15
2,31/12/2008,15
114,31/12/2008,15
12,31/12/2008,11
11,31/12/2008,11
3,31/12/2008,11
4,31/12/2008,11
84,31/12/2008,10
7,31/12/2008,10
29,31/12/2008,10
13,31/12/2008,10
25,31/12/2008,10
1,31/12/2008,10
5,31/12/2008,4
11,31/12/2008,4
3,31/12/2008,4
11,31/12/2008,4
52,31/12/2008,5
3,31/12/2008,5
40,31/12/2008,5
19,31/12/2008,5
13,31/12/2008,13
2,31/12/2008,13
4,01/01/2005,1
12,01/01/2005,1
19,01/01/2005,1
33,01/01/2005,1
41,01/01/2005,1
56,01/01/2005,1
4,01/01/2005,2
9,01/01/2005,2
12,01/01/2005,2
18,01/01/2005,2
40,01/01/2005,2
73,01/01/2005,2
3,01/01/2005,3
14,01/01/2005,3
66,01/01/2005,3
83,01/01/2005,3
5,01/01/2005,4
6,01/01/2005,4
8,01/01/2005,4
18,01/01/2005,4
82,01/01/2005,4
93,01/01/2005,4
1,01/01/2005,5
3,01/01/2005,5
4,01/01/2005,5
12,01/01/2005,5
32,01/01/2005,5
59,01/01/2005,5
3,01/01/2005,6
5,01/01/2005,6
9,01/01/2005,6
23,01/01/2005,6
41,01/01/2005,6
91,01/01/2005,6
6,01/01/2005,7
6,01/01/2005,7
32,01/01/2005,7
54,01/01/2005,7
70,01/01/2005,7
1,01/01/2005,8
7,01/01/2005,8
12,01/01/2005,8
47,01/01/2005,8
62,01/01/2005,8
4,01/01/2005,9
20,01/01/2005,9
20,01/01/2005,9
20,01/01/2005,9
34,01/01/2005,9
6,01/01/2005,10
15,01/01/2005,10
18,01/01/2005,10
29,01/01/2005,10
66,01/01/2005,10
122,01/01/2005,10
5,01/01/2005,11
16,01/01/2005,11
32,01/01/2005,11
33,01/01/2005,11
10,01/01/2005,15
13,01/01/2005,15
18,01/01/2005,15
20,01/01/2005,15
22,01/01/2005,15
24,01/01/2005,15
54,01/01/2005,15
4,01/01/2005,13
10,01/01/2005,13
17,01/01/2005,13
78,01/01/2005,13
2,01/01/2005,14
3,01/01/2005,14
7,01/01/2005,14
9,01/01/2005,14
45,01/01/2005,14
48,01/01/2005,14
8,03/07/2006,4
34,03/07/2006,4
156,03/07/2006,4
9,03/07/2006,3
13,03/07/2006,3
35,03/07/2006,3
9,03/07/2006,2
10,03/07/2006,2
12,03/07/2006,2
14,03/07/2006,2
18,03/07/2006,5
19,03/07/2006,5
58,03/07/2006,5
4,03/07/2006,8
98,03/07/2006,8
3,03/07/2006,6
5,03/07/2006,6
7,03/07/2006,6
9,03/07/2006,6
19,03/07/2006,6
37,03/07/2006,6
106,03/07/2006,9
151,03/07/2006,9
16,03/07/2006,10
122,03/07/2006,10
11,03/07/2006,7
17,03/07/2006,7
32,03/07/2006,7
58,03/07/2006,7
21,03/07/2006,1
22,03/07/2006,1
30,03/07/2006,1
1,03/07/2006,11
3,03/07/2006,11
3,03/07/2006,11
5,03/07/2006,11
8,03/07/2006,11
19,03/07/2006,11
22,03/07/2006,12
2,03/07/2006,13
7,03/07/2006,13
31,03/07/2006,13
33,03/07/2006,13
37,03/07/2006,13
2,21/06/2006,1
9,21/06/2006,1
10,21/06/2006,1
2,21/06/2006,2
4,21/06/2006,2
6,21/06/2006,3
8,21/06/2006,3
22,21/06/2006,3
2,21/06/2006,4
3,21/06/2006,4
4,21/06/2006,4
5,21/06/2006,4
1,21/06/2006,5
3,21/06/2006,5
3,21/06/2006,5
2,21/06/2006,6
4,21/06/2006,6
7,21/06/2006,6
12,21/06/2006,7
12,21/06/2006,7
16,21/06/2006,7
2,21/06/2006,8
6,21/06/2006,8
5,21/06/2006,9
6,21/06/2006,9
8,21/06/2006,9
1,21/06/2006,10
5,21/06/2006,10
7,21/06/2006,10
8,21/06/2006,10
1,21/06/2006,11
2,21/06/2006,11
3,21/06/2006,11
1,21/06/2006,15
10,21/06/2006,15
1,21/06/2006,13
13,21/06/2006,13
19,21/06/2006,13
3,21/06/2006,14
4,21/06/2006,14
14,22/07/2006,1
27,22/07/2006,1
68,22/07/2006,1
3,22/07/2006,2
9,22/07/2006,2
14,22/07/2006,2
32,22/07/2006,2
25,22/07/2006,3
55,22/07/2006,3
75,22/07/2006,3
3,22/07/2006,4
7,22/07/2006,4
12,22/07/2006,4
68,22/07/2006,4
3,22/07/2006,5
10,22/07/2006,5
11,22/07/2006,5
83,22/07/2006,5
23,22/07/2006,6
29,22/07/2006,6
57,22/07/2006,6
17,22/07/2006,7
31,22/07/2006,7
63,22/07/2006,7
4,22/07/2006,8
6,22/07/2006,8
91,22/07/2006,8
14,22/07/2006,9
19,22/07/2006,9
31,22/07/2006,9
9,22/07/2006,10
24,22/07/2006,10
27,22/07/2006,10
8,22/07/2006,11
78,22/07/2006,11
1,22/07/2006,15
34,22/07/2006,15
40,22/07/2006,15
12,22/07/2006,13
49,22/07/2006,13
78,22/07/2006,13
15,22/07/2006,14
15,22/07/2006,14
18,22/07/2006,14
14,20/08/2006,1
23,20/08/2006,1
11,20/08/2006,2
11,20/08/2006,2
27,20/08/2006,2
6,20/08/2006,3
7,20/08/2006,3
13,20/08/2006,3
5,20/08/2006,4
16,20/08/2006,4
19,20/08/2006,4
29,20/08/2006,4
8,20/08/2006,5
18,20/08/2006,5
28,20/08/2006,5
53,20/08/2006,5
9,20/08/2006,6
11,20/08/2006,6
19,20/08/2006,6
35,20/08/2006,6
48,20/08/2006,6
9,20/08/2006,7
22,20/08/2006,7
45,20/08/2006,7
66,20/08/2006,7
3,20/08/2006,8
17,20/08/2006,8
18,20/08/2006,8
23,20/08/2006,8
24,20/08/2006,8
9,20/08/2006,9
10,20/08/2006,9
12,20/08/2006,9
3,20/08/2006,10
8,20/08/2006,10
12,20/08/2006,10
15,20/08/2006,10
37,20/08/2006,10
4,20/08/2006,11
12,20/08/2006,11
47,20/08/2006,11
1,20/08/2006,15
3,20/08/2006,15
13,20/08/2006,15
48,20/08/2006,15
72,20/08/2006,15
3,20/08/2006,13
5,20/08/2006,13
16,20/08/2006,13
94,20/08/2006,13
12,20/08/2006,14
18,20/08/2006,14
20,20/08/2006,14
15,21/09/2006,1
41,21/09/2006,1
2,21/09/2006,2
10,21/09/2006,2
13,21/09/2006,2
10,21/09/2006,3
18,21/09/2006,3
25,21/09/2006,3
2,21/09/2006,4
9,21/09/2006,4
16,21/09/2006,4
21,21/09/2006,4
6,21/09/2006,5
9,21/09/2006,5
9,21/09/2006,5
31,21/09/2006,5
16,21/09/2006,6
25,21/09/2006,6
72,21/09/2006,6
41,21/09/2006,7
44,21/09/2006,7
80,21/09/2006,7
4,21/09/2006,8
5,21/09/2006,8
37,21/09/2006,8
38,21/09/2006,8
11,21/09/2006,9
13,21/09/2006,9
23,21/09/2006,9
1,21/09/2006,10
9,21/09/2006,10
9,21/09/2006,10
11,21/09/2006,10
1,21/09/2006,11
11,21/09/2006,11
17,21/09/2006,11
1,21/09/2006,15
4,21/09/2006,15
21,21/09/2006,15
34,21/09/2006,15
16,21/09/2006,13
27,21/09/2006,13
15,21/09/2006,14
23,21/09/2006,14
37,21/09/2006,14
3,26/01/2007,1
44,26/01/2007,1
10,26/01/2007,2
10,26/01/2007,2
17,26/01/2007,2
1,26/01/2007,3
19,26/01/2007,3
20,26/01/2007,3
2,26/01/2007,4
15,26/01/2007,4
30,26/01/2007,4
26,26/01/2007,5
40,26/01/2007,5
46,26/01/2007,5
1,26/01/2007,6
5,26/01/2007,6
9,26/01/2007,6
11,26/01/2007,6
22,26/01/2007,6
3,26/01/2007,7
16,26/01/2007,7
18,26/01/2007,7
19,26/01/2007,7
21,26/01/2007,8
28,26/01/2007,8
37,26/01/2007,8
7,26/01/2007,9
15,26/01/2007,9
28,26/01/2007,9
3,26/01/2007,10
7,26/01/2007,10
20,26/01/2007,10
27,26/01/2007,10
4,26/01/2007,11
5,26/01/2007,11
15,26/01/2007,11
1,26/01/2007,15
7,26/01/2007,15
14,26/01/2007,15
15,26/01/2007,15
33,26/01/2007,15
4,26/01/2007,13
13,26/01/2007,13
23,26/01/2007,13
1,26/01/2007,14
19,26/01/2007,14
32,26/01/2007,14
7,12/07/2007,1
12,12/07/2007,1
17,12/07/2007,1
9,12/07/2007,2
10,12/07/2007,2
33,12/07/2007,2
7,12/07/2007,3
16,12/07/2007,3
18,12/07/2007,3
5,12/07/2007,4
7,12/07/2007,4
26,12/07/2007,4
2,12/07/2007,5
4,12/07/2007,5
8,12/07/2007,5
23,12/07/2007,5
9,12/07/2007,9
14,12/07/2007,9
41,12/07/2007,9
3,12/07/2007,10
3,12/07/2007,10
8,12/07/2007,10
2,12/07/2007,13
11,12/07/2007,13
1,13/07/2007,6
6,13/07/2007,6
6,13/07/2007,6
3,13/07/2007,7
8,13/07/2007,7
10,13/07/2007,7
2,13/07/2007,8
5,13/07/2007,8
6,13/07/2007,8
2,13/07/2007,11
7,13/07/2007,11
4,13/07/2007,15
9,13/07/2007,15
6,13/07/2007,14
7,13/07/2007,14
9,13/07/2007,14
33,13/07/2007,14
2,12/08/2007,3
6,12/08/2007,3
9,12/08/2007,3
6,12/08/2007,4
9,12/08/2007,4
14,12/08/2007,4
81,12/08/2007,4
5,12/08/2007,5
23,12/08/2007,5
31,12/08/2007,5
7,12/08/2007,6
51,12/08/2007,6
86,12/08/2007,6
4,12/08/2007,7
9,12/08/2007,7
9,12/08/2007,7
4,12/08/2007,8
5,12/08/2007,8
5,12/08/2007,8
3,12/08/2007,10
9,12/08/2007,10
2,12/08/2007,11
2,12/08/2007,11
5,12/08/2007,11
7,12/08/2007,11
9,12/08/2007,15
19,12/08/2007,15
3,12/08/2007,13
13,12/08/2007,13
3,12/08/2007,2
3,12/08/2007,2
10,12/08/2007,2
5,12/08/2007,1
19,12/08/2007,1
4,13/08/2007,9
5,13/08/2007,9
5,13/08/2007,9
3,13/08/2007,14
4,13/08/2007,14
5,13/08/2007,14
6,13/08/2007,14
3,04/09/2007,1
7,04/09/2007,1
15,04/09/2007,1
7,04/09/2007,5
8,04/09/2007,5
11,04/09/2007,5
1,04/09/2007,6
5,04/09/2007,6
6,04/09/2007,6
83,04/09/2007,6
2,04/09/2007,7
2,04/09/2007,7
2,04/09/2007,7
6,04/09/2007,8
19,04/09/2007,8
3,04/09/2007,9
7,04/09/2007,9
7,04/09/2007,9
30,04/09/2007,10
5,04/09/2007,11
12,04/09/2007,11
2,04/09/2007,15
6,04/09/2007,15
10,04/09/2007,15
15,04/09/2007,15
16,04/09/2007,13
64,04/09/2007,13
1,04/09/2007,14
1,04/09/2007,14
3,04/09/2007,14
6,04/09/2007,14
2,05/09/2007,2
2,05/09/2007,2
9,05/09/2007,2
2,05/09/2007,3
2,05/09/2007,4
5,05/09/2007,4
6,05/09/2007,4
10,05/09/2007,4
2,30/06/2007,1
12,30/06/2007,1
3,30/06/2007,4
10,30/06/2007,4
11,30/06/2007,4
5,30/06/2007,3
13,30/06/2007,3
18,30/06/2007,3
32,30/06/2007,2
136,30/06/2007,2
1,02/07/2007,5
18,02/07/2007,5
36,02/07/2007,5
2,05/07/2007,6
11,05/07/2007,6
179,05/07/2007,7
250,05/07/2007,7
22,05/07/2007,9
29,05/07/2007,9
4,05/07/2007,8
7,06/07/2007,10
1,06/07/2007,11
1,06/07/2007,11
5,06/07/2007,11
60,12/07/2007,12
2,12/07/2007,6
3,12/07/2007,6
19,12/07/2007,6
1,12/07/2007,1
4,12/07/2007,1
21,12/07/2007,1
16,12/07/2007,1
20,12/07/2007,1
9,09/08/2007,1
24,09/08/2007,1
1,09/08/2007,5
31,09/08/2007,5
40,09/08/2007,5
4,09/08/2007,6
31,09/08/2007,6
56,09/08/2007,6
71,09/08/2007,6
10,09/08/2007,9
27,09/08/2007,9
2,09/08/2007,13
15,09/08/2007,13
20,09/08/2007,8
42,09/08/2007,8
1,09/08/2007,12
4,09/08/2007,12
7,09/08/2007,12
3,09/08/2007,4
4,09/08/2007,4
81,09/08/2007,4
5,09/08/2007,3
48,09/08/2007,3
59,09/08/2007,3
14,09/08/2007,2
73,09/08/2007,2
11,09/08/2007,10
25,09/08/2007,10
29,09/08/2007,10
1,03/07/2007,3
4,03/07/2007,3
9,03/07/2007,3
13,03/07/2007,3
9,03/07/2007,2
21,03/07/2007,2
50,03/07/2007,2
51,03/07/2007,2
3,03/07/2007,5
5,03/07/2007,5
7,03/07/2007,5
1,03/07/2007,6
3,03/07/2007,6
9,03/07/2007,6
10,03/07/2007,6
13,03/07/2007,6
16,03/07/2007,6
6,03/07/2007,9
26,03/07/2007,9
5,03/07/2007,10
15,03/07/2007,10
6,03/07/2007,7
27,03/07/2007,7
46,03/07/2007,7
233,03/07/2007,7
11,03/07/2007,1
21,03/07/2007,1
1,03/07/2007,11
2,03/07/2007,11
5,03/07/2007,11
6,03/07/2007,11
10,03/07/2007,11
34,03/07/2007,11
1,03/07/2007,12
5,03/07/2007,13
98,03/07/2007,13
102,03/07/2007,13
162,03/07/2007,13
434,03/07/2007,13
17,03/07/2007,8
22,03/07/2007,8
25,04/07/2007,4
62,04/07/2007,4
94,04/07/2007,4
1,02/01/2008,3
1,02/01/2008,3
5,02/01/2008,3
1,01/02/2008,1
6,01/02/2008,1
7,01/02/2008,2
8,01/02/2008,2
8,01/02/2008,2
5,01/02/2008,6
5,01/02/2008,6
12,01/02/2008,6
25,01/02/2008,6
5,01/02/2008,7
7,01/02/2008,7
14,01/02/2008,7
3,01/02/2008,9
7,01/02/2008,9
27,01/02/2008,9
3,01/02/2008,14
5,01/02/2008,14
9,01/02/2008,14
16,01/02/2008,14
2,03/02/2008,4
3,03/02/2008,4
11,03/02/2008,4
34,03/02/2008,4
2,03/02/2008,5
3,03/02/2008,5
4,03/02/2008,5
11,03/02/2008,5
1,03/02/2008,8
5,03/02/2008,8
1,03/02/2008,10
5,03/02/2008,10
28,03/02/2008,10
65,03/02/2008,10
2,03/02/2008,11
2,03/02/2008,11
2,03/02/2008,11
1,03/02/2008,15
4,03/02/2008,15
8,03/02/2008,15
16,03/02/2008,15
17,03/02/2008,15
21,03/02/2008,13
22,03/02/2008,13
29,03/02/2008,13
46,05/07/2008,12
58,05/07/2008,12
3,05/07/2008,10
17,05/07/2008,10
35,05/07/2008,10
83,05/07/2008,10
10,05/07/2008,7
23,05/07/2008,7
56,05/07/2008,7
66,05/07/2008,7
2,05/07/2008,6
3,05/07/2008,6
19,05/07/2008,6
17,06/07/2008,2
29,06/07/2008,2
57,06/07/2008,2
8,08/07/2008,5
14,08/07/2008,5
34,08/07/2008,5
25,08/07/2008,9
27,08/07/2008,9
98,08/07/2008,9
16,08/07/2008,9
163,08/07/2008,9
82,10/07/2008,8
37,10/07/2008,9
124,10/07/2008,9
8,11/07/2008,11
22,11/07/2008,11
5,11/07/2008,3
30,11/07/2008,3
3,13/07/2008,4
5,13/07/2008,4
29,13/07/2008,4
64,25/08/2008,12
79,25/08/2008,12
13,25/08/2008,6
24,25/08/2008,6
30,25/08/2008,6
8,25/08/2008,2
26,25/08/2008,2
54,25/08/2008,2
1,25/08/2008,1
7,25/08/2008,1
12,25/08/2008,1
2,25/08/2008,11
9,25/08/2008,11
1,25/08/2008,3
14,25/08/2008,3
8,25/08/2008,1
49,25/08/2008,1
147,26/08/2008,8
244,26/08/2008,8
10,26/08/2008,10
14,26/08/2008,10
83,26/08/2008,10
128,26/08/2008,10
7,26/08/2008,7
13,26/08/2008,7
40,26/08/2008,7
96,26/08/2008,7
116,26/08/2008,4
161,26/08/2008,4
5,26/08/2008,5
11,26/08/2008,5
25,26/08/2008,5
4,26/08/2008,9
5,26/08/2008,9
17,26/08/2008,9
30,26/08/2008,9
53,26/08/2008,9
12,26/08/2008,9
114,26/08/2008,9
2,15/07/2008,1
3,15/07/2008,1
5,15/07/2008,1
5,15/07/2008,2
6,15/07/2008,2
6,15/07/2008,2
1,15/07/2008,3
1,15/07/2008,3
4,15/07/2008,3
2,15/07/2008,4
3,15/07/2008,4
3,15/07/2008,4
8,15/07/2008,4
1,15/07/2008,5
3,15/07/2008,5
3,15/07/2008,5
9,15/07/2008,7
10,15/07/2008,7
12,15/07/2008,7
3,15/07/2008,8
4,15/07/2008,8
13,15/07/2008,8
1,15/07/2008,10
1,15/07/2008,10
1,15/07/2008,10
6,15/07/2008,10
7,15/07/2008,10
2,15/07/2008,11
5,15/07/2008,11
5,15/07/2008,11
10,15/07/2008,11
8,15/07/2008,15
25,15/07/2008,15
2,15/07/2008,13
4,15/07/2008,13
5,15/07/2008,13
21,15/07/2008,13
5,15/07/2008,14
19,15/07/2008,14
23,15/07/2008,14
25,15/07/2008,14
5,20/07/2008,6
14,20/07/2008,6
34,20/07/2008,6
36,20/07/2008,6
54,20/07/2008,6
8,20/07/2008,9
17,20/07/2008,9
18,20/07/2008,9
1,16/08/2008,4
7,16/08/2008,4
8,16/08/2008,4
18,16/08/2008,4
2,16/08/2008,5
6,16/08/2008,5
16,16/08/2008,5
53,16/08/2008,5
2,16/08/2008,6
11,16/08/2008,6
12,16/08/2008,6
18,16/08/2008,6
33,16/08/2008,6
17,16/08/2008,7
18,16/08/2008,7
27,16/08/2008,7
5,16/08/2008,9
11,16/08/2008,9
14,16/08/2008,9
3,16/08/2008,10
3,16/08/2008,10
7,16/08/2008,10
14,16/08/2008,10
17,16/08/2008,10
2,16/08/2008,13
11,16/08/2008,13
16,16/08/2008,13
5,16/08/2008,14
13,16/08/2008,14
17,16/08/2008,14
60,16/08/2008,14
4,17/08/2008,1
22,17/08/2008,1
54,17/08/2008,1
1,17/08/2008,2
1,17/08/2008,2
9,17/08/2008,2
2,17/08/2008,3
3,17/08/2008,3
9,17/08/2008,3
6,18/08/2008,8
9,18/08/2008,8
19,18/08/2008,8
13,18/08/2008,15
18,18/08/2008,15
27,18/08/2008,15
50,18/08/2008,15
8,19/08/2008,11
10,19/08/2008,11
13,19/08/2008,11
13,07/07/2009,1
33,07/07/2009,1
13,07/07/2009,1
16,07/07/2009,1
62,07/08/2009,1
19,07/08/2009,1
71,07/08/2009,1
28,07/08/2009,1
51,08/09/2009,1
26,08/09/2009,1
52,08/09/2009,1
28,08/09/2009,1
42,08/09/2009,1
10,07/07/2009,3
18,07/07/2009,3
51,07/07/2009,3
2,07/07/2009,1
7,07/07/2009,1
12,07/07/2009,1
18,07/07/2009,2
8,07/07/2009,2
45,07/07/2009,2
35,07/08/2009,2
42,07/08/2009,2
52,07/08/2009,2
28,08/09/2009,2
29,08/09/2009,2
35,08/09/2009,2
71,07/07/2009,3
45,07/07/2009,3
12,07/07/2009,3
66,07/08/2009,3
68,07/08/2009,3
13,07/08/2009,3
19,08/09/2009,3
19,08/09/2009,3
139,08/09/2009,3
14,07/07/2009,3
12,07/07/2009,3
44,07/07/2009,3
38,07/07/2009,3
16,07/07/2009,2
25,07/07/2009,2
14,07/07/2009,2
6,07/07/2009,2
64,07/07/2009,2
13,07/07/2009,2
17,07/07/2009,2
0,07/07/2009,4
3,07/07/2009,4
6,07/07/2009,4
25,07/07/2009,4
17,07/07/2009,4
6,07/07/2009,4
1,07/07/2009,4
11,07/07/2009,5
5,07/07/2009,5
2,07/07/2009,5
20,07/07/2009,4
11,07/07/2009,4
4,07/07/2009,4
4,07/07/2009,4
38,07/08/2009,4
19,07/08/2009,4
57,07/08/2009,4
5,07/08/2009,4
56,08/09/2009,4
60,08/09/2009,4
14,08/09/2009,4
64,08/09/2009,4
4,07/07/2009,5
44,07/07/2009,5
16,07/07/2009,5
20,07/07/2009,5
0,07/08/2009,5
37,07/08/2009,5
17,07/08/2009,5
2,07/08/2009,5
10,07/08/2009,5
13,08/09/2009,5
0,08/09/2009,5
81,08/09/2009,5
52,08/09/2009,5
57,08/09/2009,5
12,07/07/2009,6
73,07/07/2009,6
8,07/07/2009,6
11,07/07/2009,6
76,07/07/2009,6
39,07/08/2009,6
48,07/08/2009,6
89,07/08/2009,6
23,07/08/2009,6
22,07/08/2009,6
1,08/09/2009,6
25,08/09/2009,6
8,08/09/2009,6
9,08/09/2009,6
233,08/09/2009,6
25,07/07/2009,7
4,07/07/2009,7
18,07/07/2009,7
39,07/08/2009,7
24,07/08/2009,7
91,07/08/2009,7
29,09/09/2009,7
46,09/09/2009,7
12,09/09/2009,7
11,07/07/2009,8
14,07/07/2009,8
12,07/07/2009,8
0,07/07/2009,8
29,07/08/2009,8
8,07/08/2009,8
28,07/08/2009,8
2,09/09/2009,8
30,09/09/2009,8
16,09/09/2009,8
70,09/09/2009,8
13,07/07/2009,9
13,07/07/2009,9
6,07/07/2009,9
20,07/08/2009,9
53,07/08/2009,9
29,07/08/2009,9
38,08/09/2009,9
5,08/09/2009,9
9,08/09/2009,9
61,07/07/2009,10
29,07/07/2009,10
16,07/07/2009,10
56,07/07/2009,10
86,07/07/2009,10
104,07/07/2009,10
21,07/08/2009,10
49,07/08/2009,10
7,07/08/2009,10
338,07/08/2009,10
13,07/08/2009,10
18,07/08/2009,10
39,08/09/2009,10
46,08/09/2009,10
7,08/09/2009,10
27,08/09/2009,10
11,08/09/2009,10
14,08/09/2009,10
44,07/07/2009,11
32,07/07/2009,11
31,07/07/2009,11
12,07/07/2009,11
10,07/08/2009,11
3,07/08/2009,11
36,07/08/2009,11
22,07/08/2009,11
8,09/09/2009,11
13,09/09/2009,11
32,09/09/2009,11
46,09/09/2009,11
24,07/07/2009,15
12,07/07/2009,15
1,07/07/2009,15
17,07/07/2009,15
25,07/07/2009,15
17,07/08/2009,15
120,07/08/2009,15
21,07/08/2009,15
98,07/08/2009,15
81,07/08/2009,15
2,09/09/2009,15
28,09/09/2009,15
4,09/09/2009,15
75,09/09/2009,15
48,09/09/2009,15
35,07/07/2009,13
11,07/07/2009,13
20,08/08/2009,13
96,08/08/2009,13
41,08/08/2009,13
5,09/09/2009,13
27,09/09/2009,13
4,09/09/2009,13
39,07/07/2009,14
15,07/07/2009,14
22,07/07/2009,14
27,07/07/2009,14
64,07/08/2009,14
25,07/08/2009,14
60,07/08/2009,14
29,07/08/2009,14
14,08/09/2009,14
106,08/09/2009,14
28,08/09/2009,14
28,08/09/2009,14
3,07/07/2009,1
17,07/07/2009,1
7,16/07/2010,1
51,16/07/2010,1
20,16/07/2010,1
15,16/07/2010,1
13,16/07/2010,2
35,16/07/2010,2
30,16/07/2010,2
12,16/07/2010,3
36,16/07/2010,3
10,16/07/2010,3
11,16/07/2010,4
10,16/07/2010,4
21,16/07/2010,4
71,16/07/2010,4
15,16/07/2010,5
91,16/07/2010,5
16,16/07/2010,5
60,16/07/2010,5
9,16/07/2010,6
11,16/07/2010,6
41,16/07/2010,6
2,16/07/2010,6
29,16/07/2010,7
26,16/07/2010,7
13,16/07/2010,7
36,16/07/2010,8
8,16/07/2010,8
11,16/07/2010,8
16,16/07/2010,9
24,16/07/2010,9
26,16/07/2010,9
21,16/07/2010,10
12,16/07/2010,10
35,16/07/2010,10
11,16/07/2010,10
12,16/07/2010,10
49,16/07/2010,10
33,16/07/2010,11
20,16/07/2010,11
25,16/07/2010,11
4,16/07/2010,11
3,16/07/2010,11
44,16/07/2010,13
14,16/07/2010,13
1,16/07/2010,13
19,16/07/2010,14
13,16/07/2010,14
72,16/07/2010,14
10,16/07/2010,14
5,16/07/2010,14
57,16/07/2010,15
49,16/07/2010,15
10,16/07/2010,15
3,16/07/2010,15
34,12/08/2010,1
22,12/08/2010,1
29,12/08/2010,1
69,12/08/2010,1
26,12/08/2010,2
28,12/08/2010,2
33,12/08/2010,2
24,12/08/2010,3
43,12/08/2010,3
34,12/08/2010,3
13,12/08/2010,4
19,12/08/2010,4
11,12/08/2010,4
4,12/08/2010,4
43,12/08/2010,5
86,12/08/2010,5
43,12/08/2010,5
12,12/08/2010,5
25,12/08/2010,6
46,12/08/2010,6
85,12/08/2010,6
30,12/08/2010,6
4,12/08/2010,6
55,12/08/2010,7
30,12/08/2010,7
35,12/08/2010,7
16,12/08/2010,8
6,12/08/2010,8
3,12/08/2010,8
7,12/08/2010,9
33,12/08/2010,9
40,12/08/2010,9
23,12/08/2010,10
21,12/08/2010,10
16,12/08/2010,10
10,12/08/2010,10
5,12/08/2010,10
9,12/08/2010,10
25,12/08/2010,11
45,12/08/2010,11
11,12/08/2010,11
5,12/08/2010,11
114,12/08/2010,13
5,12/08/2010,13
5,12/08/2010,13
31,12/08/2010,14
27,12/08/2010,14
36,12/08/2010,14
7,12/08/2010,14
18,12/08/2010,15
29,12/08/2010,15
16,12/08/2010,15
0,12/08/2010,15
8,12/08/2010,15
11,07/09/2010,1
24,07/09/2010,1
7,07/09/2010,1
6,07/09/2010,2
27,07/09/2010,2
14,07/09/2010,2
21,07/09/2010,3
101,07/09/2010,3
22,07/09/2010,3
40,07/09/2010,4
21,07/09/2010,4
22,07/09/2010,4
10,07/09/2010,4
12,07/09/2010,5
36,07/09/2010,5
19,07/09/2010,5
20,07/09/2010,5
4,07/09/2010,6
42,07/09/2010,6
15,07/09/2010,6
0,07/09/2010,6
66,07/09/2010,7
19,07/09/2010,7
9,07/09/2010,7
4,07/09/2010,8
8,07/09/2010,8
24,07/09/2010,8
12,07/09/2010,9
24,07/09/2010,9
13,07/09/2010,9
28,07/09/2010,10
32,07/09/2010,10
12,07/09/2010,10
15,07/09/2010,10
0,07/09/2010,10
19,07/09/2010,11
31,07/09/2010,11
5,07/09/2010,11
40,07/09/2010,11
77,07/09/2010,13
2,07/09/2010,13
4,07/09/2010,13
33,07/09/2010,14
27,07/09/2010,14
13,07/09/2010,14
13,07/09/2010,14
14,07/09/2010,14
48,07/09/2010,15
7,07/09/2010,15
14,07/09/2010,15
1,07/09/2010,15
11,07/09/2010,15
495,14/07/2011,1
276,14/07/2011,1
146,14/07/2011,1
86,14/07/2011,1
159,14/07/2011,2
186,14/07/2011,2
114,14/07/2011,2
165,14/07/2011,3
178,14/07/2011,3
440,14/07/2011,3
402,14/07/2011,4
185,14/07/2011,4
48,14/07/2011,4
20,14/07/2011,4
27,14/07/2011,5
62,14/07/2011,5
130,14/07/2011,5
33,14/07/2011,5
76,14/07/2011,6
110,14/07/2011,6
65,14/07/2011,6
80,14/07/2011,6
15,14/07/2011,6
0,14/07/2011,6
129,14/07/2011,7
238,14/07/2011,7
34,14/07/2011,7
300,14/07/2011,8
69,14/07/2011,8
9,14/07/2011,8
135,14/07/2011,9
60,14/07/2011,9
195,14/07/2011,9
223,14/07/2011,10
17,14/07/2011,10
143,14/07/2011,10
22,14/07/2011,10
2,14/07/2011,10
106,14/07/2011,11
66,14/07/2011,11
21,14/07/2011,11
9,14/07/2011,11
52,14/07/2011,13
4,14/07/2011,13
99,14/07/2011,14
80,14/07/2011,14
127,14/07/2011,14
19,14/07/2011,14
10,14/07/2011,14
164,14/07/2011,15
85,14/07/2011,15
4,14/07/2011,15
5,14/07/2011,15
96,15/08/2011,1
76,15/08/2011,1
57,15/08/2011,1
53,15/08/2011,1
19,15/08/2011,1
114,15/08/2011,2
36,15/08/2011,2
77,15/08/2011,2
78,15/08/2011,3
79,15/08/2011,3
120,15/08/2011,3
136,15/08/2011,9
76,15/08/2011,9
136,15/08/2011,9
268,15/08/2011,4
100,15/08/2011,4
74,15/08/2011,4
8,15/08/2011,4
28,15/08/2011,5
141,15/08/2011,5
99,15/08/2011,5
73,15/08/2011,5
130,15/08/2011,6
43,15/08/2011,6
62,15/08/2011,6
25,15/08/2011,6
5,15/08/2011,6
49,15/08/2011,7
25,15/08/2011,7
100,15/08/2011,7
4,15/08/2011,8
21,15/08/2011,8
34,15/08/2011,8
28,15/08/2011,10
54,15/08/2011,10
190,15/08/2011,10
119,15/08/2011,10
84,15/08/2011,10
10,15/08/2011,10
5,15/08/2011,11
6,15/08/2011,11
103,15/08/2011,11
33,15/08/2011,11
0,15/08/2011,15
27,15/08/2011,15
24,15/08/2011,15
1,15/08/2011,15
25,15/08/2011,13
26,15/08/2011,13
84,15/08/2011,13
22,15/08/2011,14
34,15/08/2011,14
201,15/08/2011,14
65,15/08/2011,14
168,15/08/2011,14
62,14/09/2011,1
52,14/09/2011,1
59,14/09/2011,1
81,14/09/2011,1
36,14/09/2011,2
53,14/09/2011,2
32,14/09/2011,2
68,14/09/2011,3
38,14/09/2011,3
50,14/09/2011,3
43,14/09/2011,4
71,14/09/2011,4
23,14/09/2011,4
21,14/09/2011,4
13,14/09/2011,5
43,14/09/2011,5
31,14/09/2011,5
18,14/09/2011,5
8,14/09/2011,6
12,14/09/2011,6
9,14/09/2011,6
12,14/09/2011,6
0,14/09/2011,6
9,14/09/2011,7
299,14/09/2011,7
13,14/09/2011,7
2,14/09/2011,8
1,14/09/2011,8
6,14/09/2011,8
47,14/09/2011,9
56,14/09/2011,9
48,14/09/2011,9
19,14/09/2011,10
12,14/09/2011,10
60,14/09/2011,10
68,14/09/2011,10
56,14/09/2011,10
10,14/09/2011,10
2,14/09/2011,11
5,14/09/2011,11
23,14/09/2011,11
48,14/09/2011,11
23,14/09/2011,13
8,14/09/2011,13
15,14/09/2011,13
12,14/09/2011,14
14,14/09/2011,14
44,14/09/2011,14
34,14/09/2011,14
55,14/09/2011,14
2,14/09/2011,15
9,14/09/2011,15
5,14/09/2011,15
3,14/09/2011,15
45,09/12/2011,1
5,09/12/2011,1
30,09/12/2011,1
89,09/12/2011,1
16,09/12/2011,2
14,09/12/2011,2
8,09/12/2011,2
35,09/12/2011,3
12,09/12/2011,3
6,09/12/2011,3
16,09/12/2011,9
12,09/12/2011,9
11,09/12/2011,9
9,09/12/2011,4
48,09/12/2011,4
14,09/12/2011,4
27,09/12/2011,4
1,09/12/2011,5
1,09/12/2011,5
1,09/12/2011,5
24,09/12/2011,5
11,09/12/2011,6
5,09/12/2011,6
9,09/12/2011,6
2,09/12/2011,6
54,09/12/2011,6
11,09/12/2011,6
11,09/12/2011,7
8,09/12/2011,7
18,09/12/2011,7
43,09/12/2011,8
24,09/12/2011,8
24,09/12/2011,8
24,09/12/2011,10
8,09/12/2011,10
12,09/12/2011,10
23,09/12/2011,10
13,09/12/2011,10
2,09/12/2011,10
7,09/12/2011,11
3,09/12/2011,11
7,09/12/2011,11
80,09/12/2011,11
2,09/12/2011,15
5,09/12/2011,15
18,09/12/2011,15
7,09/12/2011,15
3,09/12/2011,13
27,09/12/2011,13
10,09/12/2011,13
4,09/12/2011,14
14,09/12/2011,14
18,09/12/2011,14
8,18/02/2010,1
13,18/02/2010,1
33,18/02/2010,1
6,18/02/2010,1
11,18/02/2010,2
9,18/02/2010,2
15,18/02/2010,2
29,18/02/2010,3
21,18/02/2010,3
30,18/02/2010,3
23,18/02/2010,4
7,18/02/2010,4
7,18/02/2010,4
12,18/02/2010,5
7,18/02/2010,5
20,18/02/2010,5
19,18/02/2010,5
24,18/02/2010,6
18,18/02/2010,6
27,18/02/2010,6
41,18/02/2010,6
26,18/02/2010,7
74,18/02/2010,7
31,18/02/2010,7
15,18/02/2010,8
4,18/02/2010,8
8,18/02/2010,8
8,18/02/2010,9
25,18/02/2010,9
14,18/02/2010,9
7,18/02/2010,10
18,18/02/2010,10
33,18/02/2010,10
23,18/02/2010,10
111,18/02/2010,10
22,18/02/2010,10
7,18/02/2010,11
11,18/02/2010,11
5,18/02/2010,11
13,18/02/2010,11
29,18/02/2010,15
1,18/02/2010,15
21,18/02/2010,15
6,18/02/2010,15
8,18/02/2010,15
8,18/02/2010,13
3,18/02/2010,13
21,18/02/2010,14
25,18/02/2010,14
11,18/02/2010,14
17,18/02/2010,14
21,16/03/2010,1
20,16/03/2010,1
13,16/03/2010,1
11,16/03/2010,1
12,16/03/2010,2
14,16/03/2010,2
16,16/03/2010,2
31,16/03/2010,3
27,16/03/2010,3
40,16/03/2010,3
21,16/03/2010,4
12,16/03/2010,4
11,16/03/2010,4
11,16/03/2010,5
13,16/03/2010,5
20,16/03/2010,5
21,16/03/2010,5
28,16/03/2010,6
24,16/03/2010,6
30,16/03/2010,6
32,16/03/2010,6
27,16/03/2010,7
47,16/03/2010,7
42,16/03/2010,7
11,16/03/2010,11
11,16/03/2010,11
7,16/03/2010,11
8,16/03/2010,11
13,17/03/2010,8
11,17/03/2010,8
14,17/03/2010,8
0,17/03/2010,26.5
0,17/03/2010,26.5
0,17/03/2010,26.5
9,17/03/2010,10
14,17/03/2010,10
28,17/03/2010,10
23,17/03/2010,10
46,17/03/2010,10
15,17/03/2010,10
29,17/03/2010,15
5,17/03/2010,15
20,17/03/2010,15
8,17/03/2010,15
15,17/03/2010,15
11,17/03/2010,13
10,17/03/2010,13
22,17/03/2010,14
25,17/03/2010,14
14,17/03/2010,14
16,17/03/2010,14
44,06/02/2010,4
64,06/02/2010,4
4,06/02/2010,4
16,06/02/2010,3
13,06/02/2010,3
17,06/02/2010,3
83,06/02/2010,3
47,06/02/2010,3
42,06/02/2010,2
9,06/02/2010,2
18,06/02/2010,2
62,06/02/2010,8
196,06/02/2010,8
45,06/02/2010,8
32,06/02/2010,8
18,06/02/2010,6
10,06/02/2010,6
21,06/02/2010,6
5,06/02/2010,6
69,06/02/2010,6
59,06/02/2010,9
25,06/02/2010,9
52,06/02/2010,9
57,08/02/2010,10
20,08/02/2010,10
4,06/02/2010,7
47,06/02/2010,7
17,06/02/2010,7
14,06/02/2010,7
20,06/02/2010,7
91,07/02/2010,1
71,07/02/2010,1
91,07/02/2010,1
33,07/02/2010,1
4,07/02/2010,11
6,07/02/2010,11
12,07/02/2010,11
10,07/02/2010,11
25,07/02/2010,11
1,08/02/2010,20
2,08/02/2010,20
8,08/02/2010,20
41,08/02/2010,20
13,08/02/2010,20
2,08/02/2010,20
38,07/02/2010,12
38,07/02/2010,12
53,07/02/2010,12
37,07/02/2010,13
39,07/02/2010,13
42,07/02/2010,13
34,07/02/2010,13
20,07/02/2010,13
5,06/02/2010,19
15,06/02/2010,19
18,06/02/2010,19
120,06/02/2010,19
1,06/02/2010,19
18,06/02/2010,15
10,06/02/2010,15
20,06/02/2010,15
20,06/02/2010,5
76,06/02/2010,5
143,06/02/2010,5
68,06/02/2010,5
8,06/02/2010,5
5,06/02/2010,18
10,06/02/2010,18
27,06/02/2010,18
21,06/02/2010,18
10,06/02/2010,18
16,07/02/2010,16
41,07/02/2010,16
12,07/02/2010,16
48,07/02/2010,16
40,06/02/2010,17
55,06/02/2010,17
6,06/02/2010,17
9,06/02/2010,17
10,06/02/2010,14
37,06/02/2010,14
26,06/02/2010,14
20,06/02/2010,14
61,08/07/2010,4
24,08/07/2010,4
32,08/07/2010,4
50,08/07/2010,4
62,08/07/2010,4
8,08/07/2010,3
14,08/07/2010,3
18,08/07/2010,3
135,08/07/2010,3
13,08/07/2010,2
48,08/07/2010,2
28,08/07/2010,2
70,08/07/2010,2
44,08/07/2010,7
27,08/07/2010,7
37,08/07/2010,7
624,08/07/2010,7
28,08/07/2010,7
19,08/07/2010,5
62,08/07/2010,5
18,08/07/2010,5
67,08/07/2010,5
15,08/07/2010,5
23,08/07/2010,17
33,08/07/2010,17
22,08/07/2010,17
11,08/07/2010,17
32,08/07/2010,9
36,08/07/2010,9
53,08/07/2010,9
30,08/07/2010,9
20,09/07/2010,6
23,09/07/2010,6
50,09/07/2010,6
40,09/07/2010,10
22,09/07/2010,10
33,09/07/2010,10
76,09/07/2010,1
33,09/07/2010,1
109,09/07/2010,1
114,09/07/2010,1
21,09/07/2010,1
21,09/07/2010,1
269,09/07/2010,11
94,09/07/2010,11
6,09/07/2010,20
6,09/07/2010,20
5,09/07/2010,20
4,09/07/2010,20
56,09/07/2010,20
9,09/07/2010,20
0,09/07/2010,20
72,09/07/2010,12
58,09/07/2010,12
8,09/07/2010,12
10,09/07/2010,12
29,09/07/2010,13
20,09/07/2010,13
69,09/07/2010,13
62,09/07/2010,13
37,09/07/2010,13
6,09/07/2010,19
11,09/07/2010,19
33,09/07/2010,19
50,09/07/2010,19
49,09/07/2010,19
58,09/07/2010,15
21,09/07/2010,15
37,09/07/2010,15
26,09/07/2010,15
65,09/07/2010,15
2,09/07/2010,18
20,09/07/2010,18
8,09/07/2010,18
18,09/07/2010,18
17,09/07/2010,18
11,09/07/2010,16
5,09/07/2010,16
17,09/07/2010,16
23,09/07/2010,16
29,09/07/2010,16
12,09/07/2010,14
74,09/07/2010,14
22,09/07/2010,14
20,09/07/2010,14
28,10/07/2010,8
26,10/07/2010,8
61,10/07/2010,8
20,10/07/2010,8
50,10/07/2010,8
11,30/07/2010,3
14,30/07/2010,3
45,30/07/2010,3
77,30/07/2010,3
21,30/07/2010,3
21,30/07/2010,2
45,30/07/2010,2
69,30/07/2010,2
96,30/07/2010,2
51,30/07/2010,8
16,30/07/2010,8
230,30/07/2010,8
66,30/07/2010,8
18,30/07/2010,6
45,30/07/2010,6
139,30/07/2010,10
34,30/07/2010,10
25,30/07/2010,7
37,30/07/2010,7
479,30/07/2010,7
29,30/07/2010,7
50,30/07/2010,7
6,01/08/2010,4
7,01/08/2010,4
18,01/08/2010,4
169,01/08/2010,4
189,01/08/2010,4
23,01/08/2010,1
49,01/08/2010,1
8,01/08/2010,1
37,01/08/2010,1
232,01/08/2010,1
58,01/08/2010,11
95,01/08/2010,11
18,01/08/2010,11
19,01/08/2010,11
76,01/08/2010,11
16,01/08/2010,13
19,01/08/2010,13
37,01/08/2010,13
40,01/08/2010,13
9,01/08/2010,13
1,01/08/2010,18
21,01/08/2010,18
5,01/08/2010,18
68,01/08/2010,18
1,01/08/2010,18
19,01/08/2010,16
17,01/08/2010,16
16,01/08/2010,16
20,01/08/2010,16
16,01/08/2010,16
66,01/08/2010,9
66,01/08/2010,9
210,01/08/2010,9
16,01/08/2010,9
15,02/08/2010,20
32,02/08/2010,20
86,02/08/2010,20
14,02/08/2010,20
5,02/08/2010,20
8,02/08/2010,20
33,02/08/2010,12
209,02/08/2010,12
17,02/08/2010,12
45,02/08/2010,12
0,02/08/2010,19
9,02/08/2010,19
167,02/08/2010,19
382,02/08/2010,19
5,02/08/2010,17
107,02/08/2010,17
12,02/08/2010,17
48,02/08/2010,14
20,02/08/2010,14
13,02/08/2010,14
41,02/08/2010,14
40,03/08/2010,15
39,03/08/2010,15
11,03/08/2010,15
31,03/08/2010,15
79,03/08/2010,5
10,03/08/2010,5
10,03/08/2010,5
60,03/08/2010,5
15,03/08/2010,5
30,27/07/2011,2
25,27/07/2011,2
27,27/07/2011,2
187,27/07/2011,2
23,27/07/2011,7
15,27/07/2011,7
29,27/07/2011,7
12,27/07/2011,7
16,27/07/2011,7
29,28/07/2011,8
17,28/07/2011,8
8,28/07/2011,8
22,28/07/2011,6
7,28/07/2011,6
0,28/07/2011,6
42,28/07/2011,11
7,28/07/2011,11
15,28/07/2011,11
20,28/07/2011,11
56,28/07/2011,11
26,28/07/2011,20
8,28/07/2011,20
19,28/07/2011,20
10,28/07/2011,20
5,28/07/2011,20
49,28/07/2011,19
47,28/07/2011,19
26,28/07/2011,19
2,28/07/2011,19
53,28/07/2011,18
15,28/07/2011,18
16,28/07/2011,18
3,28/07/2011,18
6,28/07/2011,18
8,28/07/2011,17
17,28/07/2011,17
26,28/07/2011,17
35,28/07/2011,17
17,28/07/2011,17
6,29/07/2011,9
3,29/07/2011,9
33,29/07/2011,9
13,29/07/2011,9
57,29/07/2011,1
3,29/07/2011,1
40,29/07/2011,1
3,29/07/2011,1
27,29/07/2011,1
26,29/07/2011,15
15,29/07/2011,15
50,29/07/2011,15
17,29/07/2011,15
18,29/07/2011,14
155,29/07/2011,14
77,29/07/2011,14
19,29/07/2011,14
7,29/07/2011,14
32,30/07/2011,4
7,30/07/2011,4
7,30/07/2011,4
2,30/07/2011,4
16,30/07/2011,4
193,30/07/2011,3
68,30/07/2011,3
48,30/07/2011,3
108,30/07/2011,3
26,30/07/2011,10
9,30/07/2011,10
80,30/07/2011,10
25,30/07/2011,12
37,30/07/2011,12
14,30/07/2011,12
38,30/07/2011,13
5,30/07/2011,13
11,30/07/2011,13
6,30/07/2011,5
5,30/07/2011,5
22,30/07/2011,5
18,30/07/2011,5
32,30/07/2011,16
29,30/07/2011,16
54,25/02/2013,13
125,25/02/2013,13
7,25/02/2013,13
19,25/02/2013,13
0,25/02/2013,13
25,25/02/2013,1
22,25/02/2013,1
16,25/02/2013,1
79,25/02/2013,1
38,25/02/2013,6
12,25/02/2013,6
21,25/02/2013,6
20,25/02/2013,6
12,25/02/2013,6
7,25/02/2013,6
24,25/02/2013,7
63,25/02/2013,7
88,25/02/2013,7
47,25/02/2013,7
29,25/02/2013,8
42,25/02/2013,8
16,25/02/2013,8
33,25/02/2013,15
12,25/02/2013,15
4,25/02/2013,15
22,25/02/2013,15
41,25/02/2013,15
40,25/02/2013,11
28,25/02/2013,11
9,25/02/2013,11
36,25/02/2013,11
4,25/02/2013,11
13,25/02/2013,2
17,25/02/2013,2
18,25/02/2013,2
30,24/02/2013,9
17,24/02/2013,9
17,24/02/2013,9
13,24/02/2013,9
17,24/02/2013,14
43,24/02/2013,14
12,24/02/2013,14
9,24/02/2013,14
8,24/02/2013,14
47,24/02/2013,3
14,24/02/2013,3
6,24/02/2013,3
41,24/02/2013,4
16,24/02/2013,4
57,24/02/2013,4
8,24/02/2013,4
64,24/02/2013,5
13,24/02/2013,5
11,24/02/2013,5
26,24/02/2013,5
9,24/02/2013,5
56,24/02/2013,10
26,24/02/2013,10
19,24/02/2013,10
24,24/02/2013,10
15,24/02/2013,10
20,24/02/2013,10
27,02/04/2013,27
14,02/04/2013,27
9,02/04/2013,27
58,02/04/2013,27
35,02/04/2013,27
27,20/05/2013,C1
181,01/06/2013,C1
80,06/05/2013,C10
18,30/05/2013,C10
13,06/05/2013,C11
28,06/05/2013,C11
3,06/05/2013,C11
373,06/05/2013,C11
10,30/05/2013,C11
79,30/05/2013,C11
31,30/05/2013,C11
0,11/05/2013,C12
32,11/05/2013,C12
0,04/06/2013,C12
1,04/06/2013,C12
1,20/05/2013,C13
1,20/05/2013,C13
5,20/05/2013,C13
6,20/05/2013,C13
0,31/05/2013,C13
1,31/05/2013,C13
0,31/05/2013,C13
6,31/05/2013,C13
13,08/05/2013,C14
15,08/05/2013,C14
0,08/05/2013,C14
28,08/05/2013,C14
77,30/05/2013,C14
45,30/05/2013,C14
7,30/05/2013,C14
298,30/05/2013,C14
9,10/05/2013,C15
5,10/05/2013,C15
71,10/05/2013,C15
20,31/05/2013,C15
77,31/05/2013,C15
34,08/05/2013,C16
2,08/05/2013,C16
4,08/05/2013,C16
103,08/05/2013,C16
74,29/05/2013,C16
5,29/05/2013,C16
5,29/05/2013,C16
2,29/05/2013,C16
60,13/05/2013,C17
9,03/06/2013,C17
97,03/06/2013,C17
24,06/05/2013,C18
0,06/05/2013,C18
14,06/05/2013,C18
20,29/05/2013,C18
0,29/05/2013,C18
5,29/05/2013,C18
4,10/05/2013,C19
5,10/05/2013,C19
64,10/05/2013,C19
15,10/05/2013,C19
0,30/05/2013,C19
2,30/05/2013,C19
17,30/05/2013,C19
93,30/05/2013,C19
31,30/05/2013,C19
31,07/05/2013,C2
12,07/05/2013,C2
1,29/05/2013,C2
17,06/05/2013,C20
9,06/05/2013,C20
12,30/05/2013,C20
4,30/05/2013,C20
221,30/05/2013,C20
75,30/05/2013,C20
84,13/05/2013,C21
8,13/05/2013,C21
3,13/05/2013,C21
85,01/06/2013,C21
8,01/06/2013,C21
3,01/06/2013,C21
6,01/06/2013,C21
22,10/05/2013,C22
10,10/05/2013,C22
17,10/05/2013,C22
1,31/05/2013,C22
33,31/05/2013,C22
3,31/05/2013,C22
15,10/05/2013,C23
9,10/05/2013,C23
3,10/05/2013,C23
9,31/05/2013,C23
23,31/05/2013,C23
12,31/05/2013,C23
37,10/05/2013,C24
12,10/05/2013,C24
9,10/05/2013,C24
25,10/05/2013,C24
24,31/05/2013,C24
4,31/05/2013,C24
27,31/05/2013,C24
42,31/05/2013,C24
10,08/05/2013,C25
141,08/05/2013,C25
7,08/05/2013,C25
12,03/06/2013,C25
34,03/06/2013,C25
8,03/06/2013,C25
0,08/05/2013,C26
18,08/05/2013,C26
9,31/05/2013,C26
247,31/05/2013,C26
46,11/05/2013,C27
17,11/05/2013,C27
8,29/05/2013,C27
25,29/05/2013,C27
70,29/05/2013,C27
0,06/05/2013,C28
0,29/05/2013,C28
1,29/05/2013,C28
127,13/05/2013,C3
8,13/05/2013,C3
64,13/05/2013,C3
18,04/06/2013,C3
2,04/06/2013,C3
102,04/06/2013,C3
91,11/05/2013,C30
167,11/05/2013,C30
193,11/05/2013,C30
468,11/05/2013,C30
23,29/05/2013,C30
192,29/05/2013,C30
373,29/05/2013,C30
117,29/05/2013,C30
13,13/05/2013,C31
8,13/05/2013,C31
1,13/05/2013,C31
188,13/05/2013,C31
19,01/06/2013,C31
28,01/06/2013,C31
8,01/06/2013,C31
2,06/05/2013,C32
4,06/05/2013,C32
0,29/05/2013,C32
6,29/05/2013,C32
121,13/05/2013,C33
7,13/05/2013,C33
15,13/05/2013,C33
121,01/06/2013,C33
2,01/06/2013,C33
60,01/06/2013,C33
0,01/06/2013,C33
16,11/05/2013,C4
0,11/05/2013,C4
6,11/05/2013,C4
30,03/06/2013,C4
7,03/06/2013,C4
156,08/05/2013,C5
253,08/05/2013,C5
107,29/05/2013,C5
446,29/05/2013,C5
17,10/05/2013,C6
4,10/05/2013,C6
8,10/05/2013,C6
12,10/05/2013,C6
9,29/05/2013,C6
0,29/05/2013,C6
29,29/05/2013,C6
2,29/05/2013,C6
6,29/05/2013,C6
0,10/05/2013,C7
0,30/05/2013,C7
0,10/05/2013,C8
1,10/05/2013,C8
13,10/05/2013,C8
4,10/05/2013,C8
23,30/05/2013,C8
13,30/05/2013,C8
27,30/05/2013,C8
2,20/05/2013,C9
32,20/05/2013,C9
0,20/05/2013,C9
2,10/06/2013,30
0,10/06/2013,30
4,07/06/2013,33
3,07/06/2013,33
3,07/06/2013,33
9,07/06/2013,33
4,30/05/2013,36
65,30/05/2013,36
18,30/05/2013,36
103,10/04/2013,1
75,10/04/2013,1
115,10/04/2013,1
50,10/04/2013,1
6,28/05/2013,1
18,28/05/2013,1
30,28/05/2013,1
11,28/05/2013,1
8,19/04/2013,2
5,19/04/2013,2
8,19/04/2013,2
17,19/04/2013,2
8,19/04/2013,2
3,25/05/2013,2
40,25/05/2013,2
3,25/05/2013,2
7,25/05/2013,2
10,25/05/2013,2
11,18/04/2013,3
7,18/04/2013,3
26,18/04/2013,3
7,18/04/2013,3
14,18/04/2013,3
48,22/05/2013,3
16,22/05/2013,3
6,22/05/2013,3
50,22/05/2013,3
6,22/05/2013,3
19,24/04/2013,4
3,24/04/2013,4
13,24/04/2013,4
13,24/04/2013,4
10,24/04/2013,4
6,28/05/2013,4
12,28/05/2013,4
7,28/05/2013,4
4,28/05/2013,4
56,28/05/2013,4
11,19/04/2013,5
57,19/04/2013,5
21,19/04/2013,5
54,19/04/2013,5
23,24/05/2013,5
3,24/05/2013,5
8,24/05/2013,5
35,18/04/2013,6
27,18/04/2013,6
29,18/04/2013,6
42,28/05/2013,6
19,28/05/2013,6
30,28/05/2013,6
9,28/05/2013,6
79,20/04/2013,8
10,20/04/2013,8
102,24/05/2013,8
7,24/05/2013,8
20,24/05/2013,8
91,20/04/2013,9
51,24/05/2013,9
33,23/04/2013,10
23,23/04/2013,10
4,23/04/2013,10
10,23/04/2013,10
19,25/05/2013,10
19,25/05/2013,10
207,25/05/2013,10
71,25/05/2013,10
25,25/05/2013,10
31,20/04/2013,11
6,20/04/2013,11
10,20/04/2013,11
8,20/04/2013,11
8,20/04/2013,11
14,23/05/2013,11
3,23/05/2013,11
7,23/05/2013,11
16,23/05/2013,11
4,20/04/2013,12
4,20/04/2013,12
10,20/04/2013,12
34,20/04/2013,12
1,23/05/2013,12
9,23/05/2013,12
37,23/05/2013,12
59,20/04/2013,13
0,20/04/2013,13
3,20/04/2013,13
25,20/04/2013,13
3,23/05/2013,13
6,23/05/2013,13
121,23/05/2013,13
4,26/04/2013,14
1,26/04/2013,14
1,26/04/2013,14
5,26/04/2013,14
1,26/04/2013,14
1,21/05/2013,14
4,21/05/2013,14
70,21/05/2013,14
0,21/05/2013,14
9,21/05/2013,14
63,21/05/2013,14
7,20/04/2013,15
3,20/04/2013,15
206,20/04/2013,15
2,20/04/2013,15
9,20/04/2013,15
17,23/05/2013,15
3,23/05/2013,15
51,23/05/2013,15
15,23/05/2013,15
1,23/05/2013,15
2,29/04/2013,16
55,29/04/2013,16
3,29/04/2013,16
4,29/04/2013,16
0,23/05/2013,16
3,23/05/2013,16
59,23/05/2013,16
32,23/05/2013,16
18,24/04/2013,17
3,24/04/2013,17
2,24/04/2013,17
14,24/05/2013,17
5,24/05/2013,17
3,24/05/2013,17
9,24/05/2013,17
7,24/05/2013,17
19,23/04/2013,19
6,23/04/2013,19
0,23/04/2013,19
5,23/04/2013,19
1,23/04/2013,19
1,21/05/2013,19
1,21/05/2013,19
0,21/05/2013,19
1,21/05/2013,19
1,21/05/2013,19
2,21/05/2013,19
7,03/05/2013,20
11,03/05/2013,20
211,03/05/2013,20
12,28/05/2013,20
190,28/05/2013,20
176,28/05/2013,20
24,20/04/2013,21
127,20/04/2013,21
19,20/04/2013,21
67,20/04/2013,21
89,28/05/2013,21
3,28/05/2013,21
1,28/05/2013,21
29,28/05/2013,21
3,27/04/2013,22
4,27/04/2013,22
29,27/04/2013,22
6,27/04/2013,22
4,27/04/2013,22
8,22/05/2013,22
7,22/05/2013,22
40,22/05/2013,22
14,22/05/2013,22
2,22/05/2013,22
50,22/05/2013,22
5,02/05/2013,23
52,02/05/2013,23
1,02/05/2013,23
31,28/05/2013,23
9,28/05/2013,23
4,28/05/2013,23
214,01/05/2013,26
5,01/05/2013,26
8,01/05/2013,26
5,01/05/2013,26
6,01/05/2013,26
24,24/05/2013,26
18,24/05/2013,26
2,24/05/2013,26
6,24/05/2013,26
8,24/05/2013,26
37,02/04/2013,27
58,02/04/2013,27
15,02/04/2013,27
27,02/04/2013,27
9,02/04/2013,27
10,23/05/2013,27
14,23/05/2013,27
8,23/05/2013,27
23,23/05/2013,27
23,29/04/2013,29
1,29/04/2013,29
46,29/04/2013,29
9,29/04/2013,29
14,22/05/2013,29
0,22/05/2013,29
12,22/05/2013,29
4,22/05/2013,29
1,26/04/2013,30
2,26/04/2013,30
0,26/04/2013,30
0,26/04/2013,30
9,21/05/2013,30
1,21/05/2013,30
1,21/05/2013,30
1,21/05/2013,30
143,27/04/2013,31
18,27/04/2013,31
70,27/04/2013,31
13,22/05/2013,31
35,22/05/2013,31
3,22/05/2013,31
103,23/04/2013,32
17,23/04/2013,32
127,23/04/2013,32
5,23/04/2013,32
14,21/05/2013,32
7,21/05/2013,32
2,21/05/2013,32
6,21/05/2013,32
0,21/05/2013,32
7,29/04/2013,33
0,29/04/2013,33
28,29/04/2013,33
0,29/04/2013,33
7,22/04/2013,34
98,22/04/2013,34
5,22/04/2013,34
5,22/04/2013,34
72,24/05/2013,34
33,24/05/2013,34
68,24/05/2013,34
2,24/05/2013,34
9,30/04/2013,35
4,30/04/2013,35
2,30/04/2013,35
3,28/05/2013,35
2,28/05/2013,35
1,28/05/2013,35
24,30/04/2013,36
13,30/04/2013,36
11,30/04/2013,36
8,30/04/2013,36
8,03/05/2013,38
1,03/05/2013,38
12,03/05/2013,38
10,28/05/2013,38
43,28/05/2013,38
10,28/05/2013,38
14,02/05/2013,37
16,02/05/2013,37
8,02/05/2013,37
25,02/05/2013,37
0,22/05/2013,37
5,22/05/2013,37
0,22/05/2013,37
