BloodID,Consensus
1865,0
1862,1
1872,1
1880,0
1881,1
1882,0
1883,1
1884,0
1885,0
1886,1
1863,1
1864,0
1866,0
1867,0
1868,0
1869,0
1870,0
1871,0
1873,0
1874,0
1875,0
1876,0
1877,0
1878,0
1879,0
162,1
164,1
168,1
171,1
163,0
165,0
166,1
169,0
170,0
167,1
2717,2
44,1
,0
,0
,0
,0
,0
,0
205,0
206,0
209,0
2797,0
2798,0
2799,0
2800,0
2796,0
2812,0
2815,0
2816,0
2821,0
2822,0
2825,0
2828,0
2835,0
2837,0
2819,0
2820,0
2829,0
2830,0
2832,0
2833,0
2834,0
2839,0
2885,0
2886,0
2887,0
2888,0
2889,0
135,0
1887,1
1898,1
1932,1
1934,1
1889,1
1892,1
1893,0
1899,1
1933,1
1935,0
1888,0
1890,1
1891,0
1895,1
1896,1
1897,0
1901,1
1902,0
1903,0
1905,1
1907,0
1911,1
1914,0
1915,0
1918,0
1919,1
1921,0
1922,0
1900,0
1910,1
1917,0
1924,0
1925,1
1926,1
1927,1
1928,1
1931,0
2854,0
2855,0
2856,1
2858,1
2860,1
2862,0
2863,0
2864,1
2861,0
2865,0
2867,0
2868,1
2870,0
2872,0
2873,1
2874,0
2875,0
2876,0
2877,0
2878,1
2879,0
2883,1
2884,1
3059,1
3047,0
3051,0
3053,0
3056,0
3063,1
3065,0
3067,0
3068,1
3070,0
3071,0
3072,0
3073,0
3075,0
3077,0
3078,0
3079,0
3080,1
3082,0
3083,0
3085,0
3088,1
3089,0
3252,1
3256,1
3263,0
3264,1
3262,0
3266,1
3253,1
3275,1
3261,0
3268,1
3271,0
3272,1
3274,0
3276,1
3700,1
3702,0
3409,0
3416,0
3419,0
3424,0
3431,0
3430,0
3704,0
3705,0
3708,1
3707,0
3706,0
3715,0
3444,0
3717,1
3711,0
3713,0
3714,0
3716,0
3712,0
3709,0
3724,1
3447,1
3722,0
3719,0
3718,0
3721,0
3729,1
3727,0
3728,0
3725,0
3731,0
3454,0
3732,0
3455,0
3456,0
3458,0
3733,0
3460,0
3737,0
3734,0
3461,0
3735,1
3738,0
3463,0
3478,1
3792,0
3791,0
3481,0
3484,0
3480,0
3794,0
3483,1
3482,1
3793,0
3487,0
3488,0
3490,1
3491,0
3796,1
3795,0
3498,0
3499,0
3797,1
3501,1
3500,1
3497,0
3502,0
3800,0
3508,1
3798,0
3506,1
3509,0
3799,0
3802,0
3511,0
3803,0
3931,1
3932,1
3933,0
3936,0
3935,0
3938,0
3937,0
3939,0
3940,0
3941,0
3943,0
3942,0
3945,0
3944,0
3946,0
3947,0
4484,0
3948,1
3949,1
3960,0
3959,1
3969,0
3968,0
3972,1
3600,0
3991,0
3606,0
3993,0
3989,0
3990,0
3992,0
4154,0
4152,1
4173,0
4169,1
4171,0
4170,0
4174,0
4172,1
3619,0
4178,0
4179,0
4181,1
3632,0
4193,1
4195,0
4196,0
3636,0
4200,0
4203,0
3642,0
4202,0
3648,1
4205,0
4204,0
4210,0
4211,1
4212,1
3650,1
4216,1
4217,1
4219,0
4224,0
4222,0
4220,1
4221,0
4233,0
4232,1
4231,0
4230,0
4227,0
4226,0
4228,0
4235,0
4242,0
4240,0
4241,0
4246,0
4247,0
4255,1
4256,0
4140,0
4142,0
4143,0
4145,0
4840,0
4841,0
4851,1
4852,1
4842,0
4843,1
4855,1
4846,1
4844,1
4845,0
4847,1
4836,1
4837,0
4848,1
4838,0
4839,1
4834,1
4835,1
4833,0
2018,0
2030,0
2041,0
2085,0
2107,0
2019,0
2021,0
2022,0
2025,0
2026,1
2027,1
2028,1
2029,0
2033,0
2034,0
2037,0
2038,0
2040,0
2053,0
2064,0
2075,0
2079,1
2080,0
2082,0
2083,0
2084,0
2087,1
2089,1
2090,0
2035,1
2098,0
2100,1
2104,0
2111,1
2112,0
2113,0
2126,1
2127,2
2130,2
2131,1
2133,0
2134,1
2138,2
2141,0
2114,1
2115,1
2120,0
2144,0
2146,0
2122,0
2150,1
2020,2
2043,0
2045,0
2046,0
2047,0
2048,0
2051,1
2057,1
2058,1
2059,0
2060,0
2061,1
2063,0
2065,1
2067,0
2068,0
2070,0
2071,1
2052,0
2054,1
2055,0
2056,0
2072,1
2074,0
2076,0
2077,0
2151,1
2298,1
2326,1
2165,1
2176,0
2155,0
2156,1
2157,0
2159,1
2187,1
2198,1
2160,1
2161,1
2162,0
2163,0
2164,1
2166,0
2167,1
2209,0
2220,0
2231,1
2242,0
2168,1
2265,1
2169,1
2170,1
2172,0
2173,1
2174,1
2175,2
2177,0
2178,0
2283,0
2282,0
2284,0
2182,1
2285,0
2183,0
2185,0
2186,0
2188,0
2189,1
2288,0
2289,2
2290,0
2292,1
2293,1
2295,0
2296,1
2294,1
2190,0
2193,0
2194,0
2195,0
2196,0
2197,0
2199,1
2300,0
2301,1
2200,0
2201,0
2202,1
2203,1
2303,0
2304,0
2305,1
2204,1
2307,0
2205,1
2206,0
2207,0
2208,1
2310,0
2313,0
2210,1
2211,1
2213,1
2214,0
2215,0
2217,0
2218,1
2219,0
2221,1
2222,0
2223,2
2224,1
2225,1
2226,1
2227,0
2228,0
2229,0
2230,0
2232,0
2233,0
2234,0
2235,1
2236,0
2238,1
2239,0
2240,2
2241,1
2243,1
2244,0
2251,1
2257,0
2261,1
2262,1
2319,0
2269,0
2329,0
2340,0
2362,1
2373,1
2383,0
2394,0
2401,0
2402,0
2331,0
2335,2
2337,1
2341,1
2342,2
2344,0
2345,1
2346,1
2347,1
2348,1
2358,0
2359,2
2360,0
2361,0
2363,1
2364,1
2365,1
2366,0
2367,1
2368,0
2369,1
2371,0
2376,0
2403,0
2492,0
2511,1
2522,0
2533,0
2555,1
2577,0
2426,0
2437,0
2448,1
2459,0
2470,0
2481,1
2490,0
2491,0
2493,0
2501,0
2503,1
2505,0
2507,0
2508,0
2509,0
2513,0
2514,1
2512,1
2515,0
2516,1
2517,0
2518,0
2519,0
2521,0
2523,1
2525,0
2526,0
2528,2
2531,0
2534,1
2535,0
2537,0
2538,1
2539,0
2540,1
2541,0
2543,0
2546,0
2547,0
2548,1
2549,0
2550,0
2551,0
2552,0
2553,0
2554,0
2556,0
2557,1
2558,0
2559,1
2561,0
2562,0
2563,0
2564,1
2565,0
2567,0
2568,1
2569,1
2570,0
2574,0
2576,0
2578,1
2579,0
2582,0
2580,1
2581,0
2583,0
2584,2
2585,0
2587,1
2407,0
2408,1
2409,0
2411,0
2412,1
2413,0
2414,1
2417,0
2418,0
2419,1
2420,0
2421,0
2422,0
2423,1
2424,0
2436,0
2442,0
2443,1
2449,0
2450,1
2454,0
2455,0
2465,0
2482,0
2496,0
2497,0
2589,0
2592,0
2593,0
2594,0
2595,0
2597,0
2598,0
2603,0
2605,0
2606,0
2607,0
2608,2
2610,0
2611,0
2614,0
2618,0
2622,0
2623,0
2624,0
2626,1
2629,0
2628,0
2637,0
2639,0
2640,0
2641,0
2643,0
2645,0
2651,1
2646,0
2649,0
2653,0
2652,0
2654,0
2657,0
2658,0
2659,0
2660,0
2661,0
2662,1
2663,1
2664,1
2665,0
2666,0
2667,0
2671,2
2673,0
2675,1
2676,0
2677,1
2678,0
2686,0
2679,1
2680,0
2681,1
2687,0
2688,0
2684,0
2682,0
2683,0
2689,0
2691,0
2692,0
2693,0
2695,0
2702,0
2703,0
2715,0
2716,0
2718,0
2724,1
2725,1
2726,0
2744,0
2745,1
2747,1
2753,1
2754,0
2755,0
2762,0
2763,0
699,0
700,0
701,0
702,0
703,0
704,0
707,0
708,1
709,0
710,0
712,0
713,1
719,1
729,0
726,1
728,0
730,1
732,0
744,0
766,0
782,1
789,0
795,0
804,0
805,1
807,0
825,0
827,0
830,0
832,1
836,1
840,0
842,0
846,0
847,0
857,0
865,0
866,1
868,1
873,0
874,0
875,0
878,0
879,0
880,0
882,0
883,0
884,0
888,0
889,0
890,0
896,0
901,1
902,0
904,0
905,0
908,0
909,0
910,0
917,0
918,0
919,0
923,0
928,0
931,0
936,0
940,1
943,1
990,0
992,1
993,0
994,1
995,1
996,0
997,1
999,0
1002,1
1003,1
1004,0
1001,0
1005,0
1006,1
1007,1
1009,0
1010,0
1011,0
1012,0
1013,0
1014,0
1016,1
1017,1
1018,1
1019,0
1020,0
1021,0
1023,1
1024,1
1025,0
1026,0
1027,0
1028,1
1029,0
1030,1
1034,0
1035,0
1036,1
1037,1
1039,0
1042,1
1043,0
1047,1
1049,1
1050,1
1051,0
1057,0
1058,1
1061,0
1062,0
1068,0
1066,0
1072,0
1069,0
1074,0
1075,1
1076,0
1077,0
1079,0
1080,0
1085,0
1087,1
1088,0
1089,0
1091,1
1095,0
1097,0
1102,1
1103,0
1105,0
1108,0
1112,0
1113,0
1114,0
1117,0
1118,0
1119,0
1121,0
1122,0
1123,0
1124,0
1127,0
1128,0
1129,0
1130,0
1132,0
1139,0
1141,0
1142,0
1144,0
1145,0
1146,0
1147,0
1149,1
2,1
3,1
5,1
6,1
8,1
45,0
46,0
48,0
49,1
51,0
52,1
53,0
54,1
55,1
56,0
57,1
58,1
59,0
60,1
61,0
63,1
64,2
65,1
66,1
67,1
68,0
69,0
70,1
72,0
74,0
76,1
77,1
78,1
79,0
80,0
81,1
82,1
83,0
85,0
86,0
87,0
88,0
89,0
90,1
91,1
94,1
95,0
96,0
98,1
100,0
102,0
103,1
106,1
107,0
108,0
110,1
111,1
112,0
115,0
117,0
118,0
119,0
120,0
121,0
122,1
124,1
125,0
127,0
128,0
130,1
132,0
133,1
134,0
136,1
137,1
139,1
140,1
141,0
142,0
143,0
144,1
145,0
147,0
148,1
149,1
152,1
153,1
155,1
156,0
157,0
158,0
159,0
160,1
172,1
173,1
174,1
175,0
178,1
179,1
186,1
187,1
188,0
189,0
190,1
191,1
192,0
211,0
216,0
217,0
231,1
233,1
238,1
239,1
240,0
242,1
244,0
248,0
252,0
254,0
256,0
267,1
270,1
260,1
261,1
263,0
271,1
272,1
275,1
279,1
276,0
277,1
281,1
284,1
287,1
286,1
288,1
299,1
314,0
297,0
292,0
306,0
293,0
296,0
313,0
323,0
316,1
307,0
322,0
349,0
350,0
351,1
364,1
365,0
360,1
362,0
357,1
359,0
366,1
369,1
382,1
373,0
370,0
372,0
383,0
376,1
380,0
381,0
379,0
393,0
378,0
394,0
399,0
375,0
387,1
389,1
401,1
410,1
397,0
409,1
396,1
400,0
402,1
403,0
404,0
407,0
417,0
419,1
428,1
388,0
414,1
411,1
406,0
426,1
391,0
422,0
424,0
433,2
436,0
437,1
356,0
423,1
334,1
443,1
452,1
446,0
448,1
461,0
462,0
467,0
463,0
474,0
475,0
480,1
484,1
486,1
481,0
482,0
493,1
496,1
527,0
531,0
539,0
526,0
533,0
535,0
536,0
538,0
537,0
540,1
556,0
558,0
566,1
568,0
555,0
576,0
585,0
578,1
581,1
590,0
588,0
589,1
591,1
594,1
595,1
597,1
609,1
598,0
600,1
605,0
603,1
607,0
611,0
602,1
586,0
623,0
631,1
627,0
619,0
633,1
634,0
639,0
641,0
651,0
637,0
662,0
650,1
649,0
646,0
659,0
658,0
660,1
670,0
671,0
672,1
657,0
668,0
669,0
679,0
681,0
642,0
673,1
682,0
683,0
684,0
680,0
686,0
2806,0
2802,1
2803,1
2805,1
2808,1
2809,1
2810,0
2811,1
2813,0
2842,0
2843,1
2844,0
2845,0
2847,1
2848,1
2849,0
2850,1
2851,0
2852,1
2853,0
2890,0
2891,0
2892,1
2896,1
2898,1
2895,1
2897,0
2900,1
2901,0
2902,1
2904,0
2909,0
2910,1
2911,0
2913,1
2915,1
2917,0
2919,0
2921,1
2926,0
2928,0
2931,1
2932,1
2933,1
2935,1
2940,0
2938,1
2941,0
2942,1
2943,1
2945,1
2946,0
2947,1
2949,1
2950,0
2954,0
2955,0
2956,1
2957,1
2972,1
2973,1
2974,1
2978,1
2986,0
2987,0
2971,1
2983,0
2976,1
2979,0
2980,1
2981,0
2982,0
2984,1
3090,0
3094,1
3091,1
3098,1
3096,0
3100,1
3099,0
3101,0
3102,0
3105,0
3103,0
3107,0
3106,0
3109,0
3110,1
3112,1
3113,1
3115,0
3116,1
3121,1
3123,0
3130,1
3124,0
3126,0
3131,1
3136,0
3134,0
3135,0
3137,0
3140,1
3146,0
3138,1
3149,0
3150,1
3143,0
3144,0
3145,1
3151,0
3152,0
3157,0
3156,0
3158,0
3159,0
3160,0
3161,0
3162,1
3164,1
3168,0
3173,0
3176,0
3178,0
3179,0
3185,1
3186,0
3184,0
3187,0
3188,1
3191,0
3193,0
3195,1
3198,0
3199,0
3200,0
3196,0
3202,0
3203,1
3204,0
3211,0
3215,1
3217,0
3221,0
3222,0
3223,0
3227,1
3228,1
3229,0
3230,0
3235,0
3232,0
3234,0
3238,0
3283,0
3296,0
3294,0
3293,1
3299,0
3310,0
3307,0
3313,1
3325,0
3326,0
3329,0
3323,1
3328,0
3333,0
3334,1
3339,0
3341,0
3347,0
3348,0
3349,0
3354,1
3356,0
3358,0
3360,0
3362,0
3357,0
3382,0
3378,0
3369,0
3371,0
3381,0
3385,0
3386,0
4111,1
3672,0
3388,0
3682,0
3683,0
3680,0
3686,0
3687,0
3689,0
3691,0
3694,0
3695,0
3690,0
3697,1
3699,0
3698,0
3739,0
3744,0
3743,0
3740,0
3747,1
3741,0
3749,0
3750,0
3748,0
3754,0
3753,1
3756,0
3758,0
3755,0
3757,0
3752,0
3759,0
3765,0
3763,0
3764,0
3767,0
3769,0
3770,0
3775,1
3776,0
3774,0
3773,1
3781,0
3782,0
3783,1
3784,1
3476,1
3779,0
3788,0
3786,0
3785,0
3789,0
3790,1
3804,0
3809,0
3806,0
3807,0
3808,0
3805,0
3811,0
3810,1
3815,0
3816,1
3819,0
3818,0
3827,0
3825,1
3821,0
3828,0
3823,0
3824,0
3831,0
3829,1
3830,0
3832,0
3833,0
3834,0
3835,0
3838,0
3846,1
3841,0
3842,0
3840,0
3844,1
3850,1
3847,0
3849,0
3848,0
3852,1
3851,0
3853,0
3855,0
3854,0
3856,0
3857,0
3858,1
3862,0
3861,0
3863,1
3859,0
3864,0
3865,1
3869,0
3868,0
3867,0
3870,0
3873,1
3874,1
3872,1
3877,0
3876,0
3875,0
3879,0
3878,1
3880,0
3881,1
3882,0
3561,0
3884,0
3886,0
3890,1
3889,1
3887,1
3885,1
3894,1
3896,1
3899,0
3895,1
3892,0
3891,0
3893,0
3901,0
3900,1
3906,0
3902,0
3905,1
3904,0
3909,0
3911,1
3910,1
3912,0
3908,0
3916,0
3914,1
3917,0
3915,0
3918,1
3919,1
3922,0
3921,0
3923,1
3924,1
3925,0
3926,0
3927,0
3928,0
3929,0
3956,0
3954,0
3955,0
3953,0
3950,0
3957,0
3961,1
3967,0
3958,0
3964,0
3962,0
3966,0
3965,0
3963,0
3976,0
3981,0
3973,0
3978,0
3977,0
3980,0
3975,0
3979,0
3971,0
3974,0
3986,0
3987,0
3985,0
3984,0
3995,0
3997,0
3996,0
3994,0
4159,0
4160,0
4162,0
4163,0
4161,0
4158,0
4166,1
4167,0
4168,0
4177,0
4175,0
4188,0
4186,0
4187,0
4190,0
4189,0
4182,0
4191,0
4199,0
4198,0
4201,0
4208,0
4209,0
4215,0
4213,0
4218,0
4229,0
4236,0
4239,0
4238,0
4243,0
4244,0
4248,0
4250,0
4249,0
4251,1
4253,0
4252,0
4254,0
4258,0
4259,0
4260,0
4264,0
4042,0
4044,0
4047,1
4049,0
4045,0
4038,0
4040,0
4041,0
4039,0
4034,0
4035,0
4036,0
4037,1
4026,0
4027,0
4028,1
4029,0
4030,0
4031,0
4032,0
4033,0
4025,0
4024,0
4021,0
4020,0
4007,0
4022,0
4006,0
4017,0
4018,0
4016,0
4008,0
4009,0
3998,0
3999,0
4000,0
4001,0
4002,0
4003,0
4004,0
4013,0
4014,0
4051,0
4054,0
4050,0
4055,0
4053,0
4052,0
4057,0
4058,0
4061,0
4060,1
4065,0
4064,1
4068,0
4069,0
4071,0
4072,0
4073,0
4074,0
4075,0
4076,0
4077,0
4081,0
4080,0
4082,0
4083,0
4084,0
4086,0
4087,0
4090,0
4092,0
4091,0
4094,0
4095,0
4096,0
4097,0
4098,0
4099,0
4100,0
4101,0
4102,0
4104,0
4105,0
4106,0
4108,0
4110,0
4107,0
4109,0
4115,1
4116,0
4117,0
4118,0
4119,0
4121,0
4120,0
4128,0
4132,0
4133,0
4134,0
4135,1
4136,0
4276,0
4277,0
4272,0
4274,1
4275,1
4270,0
4278,0
4273,1
4287,0
4279,0
4281,0
4288,0
4280,1
4285,0
4286,0
4291,1
4292,0
4295,1
4296,0
4304,0
4305,1
4297,1
4298,0
4299,0
4300,0
4306,1
4320,0
4315,1
4316,1
4313,0
4314,0
4308,0
4321,0
4322,0
4309,0
4311,0
4353,0
4354,1
4342,0
4337,0
4330,0
4339,0
4340,0
4338,1
4331,0
4347,1
4348,1
4344,0
4345,1
4343,0
4346,0
4333,0
4334,0
4325,1
4326,0
4323,1
4324,1
4335,0
4336,1
4351,0
4361,0
4362,1
4356,0
4357,0
4358,1
4359,1
4565,1
4566,0
4564,0
4569,1
4570,1
4567,0
4568,0
4561,0
4562,0
4577,1
4575,1
4578,0
4587,1
4588,0
4589,0
4590,0
4591,1
4592,0
4593,0
4671,0
4598,1
4599,0
4600,0
4601,1
4584,1
4581,0
4582,0
4605,0
4604,0
4602,0
4603,0
4606,0
4607,1
4608,0
4616,0
4613,0
4614,0
4617,0
4611,1
4612,0
4610,1
4634,0
4670,0
4622,0
4621,1
4669,1
4620,0
4623,1
4624,0
4626,0
4651,1
4650,1
4652,0
4648,0
4663,1
4687,1
4685,1
4686,0
4683,0
4684,0
4682,0
4680,1
4681,1
4730,0
4678,1
4679,1
4734,1
4674,1
4675,1
4676,0
4672,1
4673,0
4677,0
4719,0
4697,0
4698,1
4693,0
4692,0
4690,0
4689,0
4700,1
4756,0
4753,1
4754,1
4751,0
4752,1
4765,0
4766,0
4769,1
4770,1
4767,1
4768,0
4761,0
4757,0
4758,1
4759,1
4760,1
4764,1
4794,1
4790,1
4791,0
4797,0
4798,1
4795,1
4796,1
4792,0
4789,0
4800,0
4813,0
4814,0
4811,1
4816,0
4812,1
4818,1
4817,0
4832,1
4823,1
4821,0
4824,1
4826,1
4825,0
4873,0
4872,1
4879,0
4880,0
4870,0
4889,1
4884,0
4887,0
4883,0
4890,0
4891,1
4894,1
4900,0
4912,0
4915,1
4916,0
5171,1
5172,1
5173,0
5178,1
5179,0
5181,0
5182,0
5184,1
5185,0
5191,1
5188,0
5190,0
5195,1
5199,0
5197,0
5198,1
5200,1
5201,1
5202,1
5206,0
5204,0
5205,0
5207,1
5212,0
5210,1
5208,0
5214,1
5222,1
5224,0
5279,0
5278,0
5275,0
5276,0
5280,1
5284,0
5285,1
5282,1
5283,1
5288,1
5286,1
5287,0
5289,0
5291,0
5309,0
5311,0
5310,0
5312,0
5313,0
5315,0
5316,1
5319,1
5269,1
5318,0
5320,1
5324,0
5321,0
5325,0
5327,0
5326,1
5328,1
5330,0
5272,1
5334,1
5335,1
5336,0
5339,1
5340,0
5338,0
5341,0
5342,0
5362,0
5343,1
5344,1
5345,1
5347,0
5348,0
5352,0
5353,0
5412,1
5351,0
5354,1
5355,0
5356,1
5358,1
5357,0
5413,0
5361,0
5333,1
5414,0
5365,0
5366,1
5370,0
5374,1
5376,1
5377,0
5298,1
5378,1
5381,0
5380,1
5379,1
5386,0
5385,0
5387,1
5390,0
5388,1
5392,0
5391,0
5300,0
5393,1
5394,0
5395,1
5397,0
5398,1
5399,1
5401,0
5400,0
5404,0
5405,1
5403,0
5406,1
5407,1
5408,0
5410,1
5411,0
5409,1
318,0
330,1
315,1
328,0
341,0
337,1
342,0
333,1
343,0
339,0
501,1
498,0
530,0
517,1
521,0
553,0
2990,0
3001,0
3010,0
3003,0
3012,0
3004,0
3006,0
3009,0
3020,0
3022,0
3030,0
3031,0
3033,0
3038,0
3671,0
3402,0
3674,0
3673,0
3675,0
3403,0
3676,0
3677,0
3437,0
3678,0
4450,0
4448,0
4447,0
4380,0
4446,0
4445,0
4398,0
4449,0
4455,0
4371,0
4451,0
4433,0
4453,0
4366,0
4415,0
4368,0
4452,0
4431,0
4406,0
4391,0
4394,0
4365,0
4428,0
4390,0
4454,0
4430,0
4439,0
4440,0
4427,0
4400,0
4407,0
4443,0
4441,0
4408,0
4444,0
4396,0
4377,0
4404,0
4397,0
4456,0
4458,0
4442,0
4459,0
4457,0
4437,0
4387,0
4378,0
4438,0
4461,0
4376,0
4462,0
4379,0
4381,0
4460,0
4492,0
4528,0
4505,0
4509,0
4515,0
4522,0
4517,0
4518,0
4504,0
4499,0
4508,0
4519,0
4531,0
4931,0
4932,0
4925,0
4926,0
4949,0
4921,0
4957,0
4968,0
4923,0
4922,0
4944,0
4935,0
4936,0
4951,0
4938,0
4943,0
4953,0
4954,0
4964,0
4955,0
4960,0
4991,0
4961,0
4997,0
4979,0
4992,0
4999,0
4994,0
4984,0
4985,0
4996,0
4995,0
4998,0
5000,0
4977,0
5002,0
5003,0
4982,0
4990,0
5005,0
5006,0
5013,0
5008,0
5014,0
4981,0
5017,0
,0
,0
,0
,0
,0
,0
,0
,0
,0
,0
,0
,0
,0
,0
,0
,0
,0
,0
,0
,0
,0
,0
,0
,0
,0
,0
,0
,0
,0
,0
,0
,1
,1
,0
,0
,0
,0
,1
,1
,0
,0
,1
,0
,1
,0
,1
,1
,1
,0
,1
,1
,0
,1
,0
,1
,1
,1
,0
,0
,1
,0
,1
,1
,0
,0
,0
,0
,1
,0
,1
,1
,0
,1
,0
,1
,1
,1
,0
,0
,0
,0
,1
,1
,0
,0
,1
,0
,0
,0
,0
,0
,0
,0
,1
,0
,0
,1
,1
,1
,1
,0
,1
,1
,0
,1
,0
,0
,0
,1
,1
,0
,1
,0
,0
,0
,0
,1
,1
,0
,0
,1
,1
,0
,0
,1
,0
,0
,1
,0
,0
,1
,1
,0
,1
,0
,0
,0
,1
,0
,0
,1
,1
,1
,0
,1
,0
,0
,0
,1
,0
,0
,1
,1
,0
,1
,1
,0
,1
,1
,1
,1
,0
,1
,1
,1
,1
,0
,1
,1
,0
,0
,1
,0
,0
,1
,1
,1
,1
,0
,0
,1
,1
,1
,1
,1
,0
,0
,1
,1
,1
,0
,0
,1
,1
,1
,1
,0
,0
,0
,0
,0
,1
,1
,1
,1
,0
,1
,0
,1
,1
,0
,0
,1
,1
,0
,0
,1
,0
,1
,0
,1
,1
,0
,1
,1
,0
,0
,0
,1
,0
,0
,1
,1
,1
,1
,0
,1
,1
,0
,1
,0
,1
,1
,1
,1
,1
,0
,1
,0
,0
,1
,0
,1
,1
,1
,0
,0
,0
,1
,0
,0
,0
,0
,0
,0
,0
,0
,0
,0
,0
,0
,1
,1
,1
,1
,0
,0
,1
,1
,0
,0
,1
,0
,0
,0
,0
,1
,1
,0
,0
,0
,1
,0
,0
,0
,0
,0
,1
,0
,0
,1
,1
,1
,1
,1
,0
,0
,0
,1
,0
,1
,0
,0
,0
,0
,0
,1
,1
,0
,0
,1
,1
,0
,1
,1
,1
,1
,1
,0
,0
,0
,0
,0
,0
,0
,0
,0
,0
,0
,0
,0
,0
,0
,0
,0
,0
,0
,0
,0
,0
,0
,0
,0
,0
,0
,0
,0
,0
,0
,0
,0
,0
,0
,0
,0
,0
,0
,0
,0
,0
,0
,0
,0
,1
,1
,1
,0
,1
,0
,0
,0
,0
,1
,0
,1
,0
,0
,0
,0
,1
,0
,1
,0
,1
,0
,0
,0
,0
,0
,0
,0
,0
,0
,0
,0
,0
,0
,0
,0
,0
,0
,0
,0
,0
,0
,0
,0
,0
,0
,0
,0
,0
,0
,0
,0
,0
,0
,0
,0
,0
,0
,0
,0
,0
4149,0
2246,0
2315,0
2316,0
2258,0
2317,0
2318,0
2323,0
2325,0
2270,0
2330,0
2349,0
2350,0
2352,1
2353,0
2354,0
2356,0
2357,0
2370,0
2372,0
2374,0
2375,0
2379,0
2380,0
2381,0
2382,0
2384,0
2386,0
2387,0
2385,0
2388,0
2392,0
2395,0
2397,0
2390,0
2389,0
2396,0
2572,0
2573,0
2425,0
2427,0
2428,0
2429,0
2430,0
2432,1
2433,0
2439,0
2440,0
2441,1
2452,0
2456,0
2457,0
2460,0
2461,0
2462,0
2463,0
5840,1
2473,0
2487,0
2494,0
2588,0
2602,0
2612,1
2619,0
2631,0
2632,0
2633,0
2634,0
2636,0
2668,0
2669,0
2694,0
2699,0
2700,0
2701,0
2709,0
2712,0
2719,0
2720,0
2722,0
2731,0
2741,0
2735,0
2740,0
2736,0
2737,0
2742,0
2746,0
2751,0
2752,0
2757,0
2758,0
2759,0
2760,0
2761,0
2764,0
2765,0
2766,0
2769,0
2773,0
706,0
711,0
715,0
716,0
717,0
722,0
734,0
736,0
737,0
740,0
741,0
742,0
748,0
751,0
752,0
753,0
754,0
757,0
759,0
761,0
762,0
763,0
764,0
5855,0
767,0
774,0
775,0
2784,0
784,0
785,0
777,0
779,0
787,0
781,0
783,0
791,0
796,0
794,0
797,0
798,0
799,0
800,0
801,0
810,0
811,0
813,0
814,0
815,0
816,0
818,0
819,0
820,0
821,0
822,0
869,0
924,0
925,0
926,1
927,0
932,0
944,0
945,0
946,0
947,0
948,0
949,0
950,0
1040,0
1041,0
1044,0
1052,0
1053,0
1054,0
1055,0
1071,0
1099,0
1100,0
1101,0
1107,0
1110,0
697,0
695,1
696,0
415,0
390,0
427,2
335,0
353,0
338,0
355,0
429,0
431,1
430,0
421,0
432,0
344,0
476,0
490,0
565,0
587,0
612,0
613,0
615,0
618,0
620,0
621,0
622,0
624,0
593,0
635,0
636,0
638,0
640,0
644,0
645,0
643,0
647,0
648,0
663,0
653,0
630,0
632,0
661,0
652,0
665,0
666,0
667,0
674,0
676,0
678,0
675,0
688,0
689,0
691,0
694,0
690,0
692,0
693,0
2791,0
2792,0
2794,0
2793,0
2840,0
4266,0
4349,0
4360,0
4470,0
4471,0
4473,0
4355,0
4463,0
4477,0
4478,0
4476,0
4475,0
4479,0
4480,0
4483,0
4481,0
4630,0
4635,0
4633,1
4631,0
4632,0
4637,0
4639,0
4640,0
4641,0
4642,0
4643,0
4644,0
4636,0
4647,0
4646,0
4645,0
4628,0
4660,0
4661,0
4658,1
4662,0
4659,0
4655,0
4667,1
4665,1
4664,1
4771,0
4775,0
4772,0
4780,1
4807,0
4802,0
4810,0
4809,0
4801,0
4806,0
4805,0
4803,0
4830,0
4829,0
4898,1
5293,0
5307,0
5308,0
336,0
319,0
346,0
554,0
562,0
550,0
552,0
4980,0
4976,0
4987,0
4986,0
5020,0
,0
,0
,0
,0
,1
,0
,0
,0
,0
,0
2795,0
2814,0
2817,0
2818,0
2826,0
2827,0
2836,0
2838,0
2869,0
2831,0
2866,1
2881,0
2882,0
3267,1
3270,1
3590,1
3723,0
4150,1
2108,0
2109,1
2128,1
2566,1
2527,1
2542,1
2545,0
2444,0
2485,1
2499,1
2596,1
2502,1
2599,1
2604,1
2609,1
2617,1
2620,1
2625,1
2627,1
2772,0
718,1
720,1
721,1
723,1
724,1
725,1
727,1
731,1
738,1
745,1
771,1
776,1
829,1
831,1
835,1
838,1
839,1
841,1
843,1
844,0
851,1
852,0
853,1
855,1
856,1
858,1
860,1
862,1
864,0
867,0
870,1
872,1
886,1
887,1
891,1
899,0
911,0
912,0
913,1
914,1
915,1
920,0
934,0
939,0
1078,0
1092,1
1098,1
1106,0
1111,0
1115,0
1116,0
1120,0
1125,0
1134,1
1135,1
1136,2
1137,1
1138,1
1140,0
1148,0
1,1
301,1
420,1
435,1
442,1
438,1
445,1
450,1
451,1
456,1
457,1
458,1
460,1
465,1
466,1
469,1
464,1
472,1
477,1
468,1
470,1
478,1
485,1
488,1
489,1
491,1
495,1
541,0
557,1
567,1
573,1
599,1
2801,1
2823,1
2846,0
2894,1
2899,1
2903,1
2906,1
2907,1
2908,1
2912,1
2916,1
2918,1
2920,1
2922,1
2923,1
2924,1
2927,0
2929,1
2930,0
2934,1
2936,1
2944,1
2951,1
2953,1
2958,1
3142,1
3095,1
3097,1
3104,1
3226,0
3327,1
3344,1
3345,1
3342,1
3351,1
3350,1
3352,1
3361,1
3468,1
3520,1
3594,0
3595,1
3596,1
3602,1
3608,0
3607,1
3610,1
3615,0
3623,0
3622,1
3633,1
3635,1
3634,1
3645,1
3651,0
3658,0
3662,1
3666,0
4062,1
4078,0
4265,1
4282,1
4464,1
4465,1
4317,1
4341,1
4467,1
4469,0
4472,1
4544,1
4656,0
4668,0
4804,0
4831,1
4892,0
4893,0
4895,0
4896,0
4897,1
5169,1
5175,1
5176,1
5193,1
5194,1
5196,1
5217,1
5221,1
5265,1
5263,1
5292,1
5301,0
5304,0
5305,0
5306,1
546,0
547,0
549,0
2992,0
2994,0
3000,0
2996,0
3019,0
3029,0
3411,0
4370,0
4416,0
4420,0
4382,0
4411,0
4402,0
4414,0
4435,0
4369,0
4392,0
4399,0
4388,0
4503,0
4520,0
4507,0
4502,0
4527,0
4501,0
4495,0
4521,0
4529,0
4506,0
4524,0
4526,0
4523,0
4530,0
4969,0
4963,0
4956,0
4978,0
4989,0
,1
,1
,0
,1
,0
,0
,0
,0
,0
,0
,0
,0
,0
,0
,0
,1
,1
,1
,1
,0
,0
,0
,1
,0
,0
,1
,0
,0
,0
,0
,0
,0
,0
,0
208,0
2857,0
3417,0
3423,0
3440,0
3443,1
3442,0
3450,1
3486,1
3495,0
3494,1
3503,1
3505,0
3507,0
3512,1
3575,1
3576,1
3578,1
3579,1
3582,1
3584,0
3585,1
3598,1
3616,0
3620,0
3643,1
3652,0
4151,0
4141,0
2023,1
2042,1
2097,1
2139,1
2148,1
2181,1
2260,1
2616,1
2655,1
2656,0
2756,1
2767,1
2768,1
2771,0
698,1
758,1
765,0
768,1
769,1
770,0
772,1
778,1
792,1
806,0
817,1
828,0
989,1
1015,1
1022,1
1065,2
1086,1
50,1
71,0
75,0
84,1
99,1
113,1
232,0
235,0
236,1
237,1
241,1
243,1
249,1
247,0
250,1
253,0
255,1
259,1
269,1
264,0
265,1
268,1
274,1
273,1
278,1
280,1
282,1
283,1
291,1
304,1
579,1
2968,1
2969,1
3114,0
3119,1
3122,1
3127,1
3128,1
3154,1
3166,1
3189,1
3224,1
3237,1
3292,1
3295,1
3298,1
3300,1
3306,0
3308,1
3303,1
3309,1
3304,1
3305,1
3316,1
3317,1
3319,1
3320,1
3324,1
3330,1
3332,1
3337,1
3338,1
3335,0
3336,1
3340,1
3353,1
3355,1
3405,1
3469,0
3471,1
3766,1
3473,1
3474,1
3477,1
3558,1
3866,1
3559,0
3560,1
3898,1
3563,0
3564,1
3566,1
3567,1
3568,1
3569,0
3570,1
3920,1
4010,1
4046,0
4015,1
4011,1
4012,1
4056,1
4067,0
4089,0
4129,0
4130,0
4289,1
4284,1
4327,1
4328,1
4468,1
4474,1
4549,1
4706,1
4724,1
4738,1
4722,1
4739,1
4743,1
4745,1
4787,1
4781,1
4782,1
4827,1
4888,1
5165,1
5166,1
5167,1
5170,1
5177,1
5180,1
5186,1
5187,1
5216,1
5220,1
5322,1
500,0
507,0
505,0
511,0
506,0
510,0
515,0
520,0
518,0
524,0
525,0
545,0
2999,0
3007,0
3008,0
3011,0
3014,0
3017,0
3026,0
3028,0
3034,0
3041,0
3039,0
3040,0
3400,0
3401,0
3408,0
3428,0
3426,0
3429,0
3441,0
3457,0
4952,0
4965,0
4988,0
4975,0
,0
,1
,1
,1
,0
,0
,0
,0
,0
,0
,0
1912,0
3637,1
3654,1
3661,0
2191,1
2343,1
2416,0
2438,1
2466,1
2630,1
2635,1
2642,2
2644,1
2648,2
2650,0
812,1
823,1
824,1
833,1
837,1
845,1
850,1
861,1
871,1
876,0
877,0
881,0
892,0
893,0
894,0
900,1
906,1
907,0
916,1
921,0
922,0
938,1
988,1
991,1
1032,1
4,1
62,1
73,1
258,0
290,1
300,1
308,1
309,1
295,1
312,1
310,1
325,0
317,1
326,0
363,1
358,1
368,1
374,1
385,0
386,1
398,1
405,1
439,1
449,1
459,1
487,1
503,1
528,1
532,1
559,1
548,0
544,0
564,1
571,1
570,1
584,1
574,1
582,1
592,1
580,1
604,1
601,1
616,1
625,1
617,1
656,1
664,1
2914,1
2937,1
2939,1
3125,1
3147,1
3290,1
3297,1
3301,1
3343,1
3383,0
3839,1
3593,0
3597,0
3618,0
3638,1
3659,0
3657,0
3660,1
4085,0
4124,0
4125,0
4267,1
4269,1
4268,1
4294,1
4293,1
4301,1
4302,1
4303,0
4312,1
4318,1
4466,1
4310,1
4329,1
4543,1
4542,1
4550,1
4547,1
4576,1
4594,1
4586,0
4596,1
4657,1
4711,1
4716,1
4740,1
4736,1
4720,0
4715,1
4721,1
4748,0
4744,0
4773,1
4784,1
4881,0
5023,1
5024,0
5022,1
5021,1
5168,1
5174,1
5215,1
5267,1
5268,1
5261,1
5260,1
5270,1
5257,1
5258,1
5259,1
5274,1
5299,1
2998,0
4525,0
4948,0
4958,0
4970,0
4966,0
,1
,1
,1
,1
,1
,1
,1
,1
,1
,1
,1
,1
,1
,1
,1
,1
,1
,1
,1
,1
,1
,1
,1
,1
,1
,1
,1
,1
,1
,1
,1
,1
,1
,1
,1
,1
,1
,1
,1
,1
,1
,1
,1
,1
,1
,1
,1
,1
,1
,1
,1
,1
,1
,1
,1
,1
,1
,1
,1
,1
,1
,1
,0
,1
,1
,1
,1
,1
,1
,0
,1
,1
,1
,1
,1
,1
,1
,1
,1
,1
,1
,1
,1
,1
,1
,1
,1
,1
,1
,1
,1
,1
,1
,1
,1
,0
,1
,0
202,0
203,0
204,0
207,0
210,0
1920,1
1909,1
1894,1
1904,0
1906,1
1908,1
1913,1
1916,1
1923,1
1929,1
2859,1
2880,0
3044,0
3058,0
3076,1
3084,0
3081,1
3255,1
3258,0
3273,1
3265,1
3269,0
3278,1
3280,0
3282,0
3410,0
3412,0
3415,0
3418,0
3425,0
3422,0
3420,0
3421,0
3433,0
3434,0
3435,0
3439,1
3710,0
3449,0
3448,0
3446,0
3451,1
3452,0
3453,1
3459,1
3465,1
3464,0
3479,0
3485,0
3489,1
3493,1
3492,0
3510,1
3577,1
3934,0
3580,0
3586,0
3587,0
3589,1
3588,1
3591,0
3988,0
3617,0
3630,1
3631,0
4197,0
3641,0
3644,0
3649,0
4485,1
4223,0
4144,0
4146,1
4147,1
4865,0
4853,1
4854,1
4856,1
4849,0
4857,1
4862,1
4863,1
4859,1
4850,1
4858,1
4860,1
4867,1
4866,1
4861,1
2044,1
2179,1
2180,1
2192,1
2312,0
2212,1
2351,1
2332,1
2333,1
2334,1
2336,1
2377,1
2544,1
2404,0
2415,0
2504,0
2506,2
2510,1
2520,0
2524,1
2529,1
2530,1
2532,1
2536,1
2560,1
2571,1
2575,1
2586,1
2405,1
2406,1
2410,1
2434,1
2475,1
2476,1
2483,1
2484,2
2486,1
2498,0
2591,0
2600,2
2621,1
2647,0
2670,0
2672,2
2674,1
2685,0
2690,2
2704,1
2705,1
2770,0
714,0
735,0
756,1
793,1
848,0
849,1
859,1
885,0
895,1
897,1
898,1
903,1
929,0
930,0
933,0
935,0
937,1
941,0
942,1
998,1
1000,1
1008,1
1031,0
1033,1
1038,1
1045,1
1046,1
1048,1
1056,1
1059,1
1060,1
1063,1
1064,1
1067,1
1073,1
1081,0
1082,2
1083,1
1084,1
1090,1
1093,1
1094,1
1096,1
1104,0
1126,0
1131,1
1133,1
1143,1
7,1
47,1
92,1
93,1
97,0
101,1
104,1
105,1
114,1
116,1
123,1
126,1
129,0
131,1
138,1
150,0
154,1
177,1
182,1
196,1
221,0
234,1
245,1
246,0
251,1
257,1
262,0
266,0
285,1
289,1
303,1
298,1
294,1
324,1
321,1
320,1
311,1
348,1
361,1
367,1
371,1
384,1
395,1
377,0
408,0
392,1
418,1
425,0
416,1
412,1
413,1
340,1
434,1
440,1
441,1
453,1
454,1
444,1
447,1
455,1
471,1
479,0
483,1
494,1
492,1
497,1
542,1
543,0
560,1
561,0
569,1
563,1
572,1
575,0
583,1
596,1
608,1
606,1
610,1
626,1
628,0
629,1
654,0
655,1
677,1
685,1
2804,1
2807,1
2841,1
2893,1
2905,1
2925,1
2948,1
2975,0
2977,1
2985,1
2970,1
2966,1
2967,1
3092,1
3093,1
3111,1
3120,1
3117,1
3118,1
3129,1
3133,1
3139,1
3132,1
3141,1
3148,1
3155,1
3163,1
3167,1
3169,0
3172,1
3174,0
3177,1
3180,1
3181,1
3207,1
3210,2
3218,1
3220,1
3291,0
3289,1
3302,0
3311,0
3312,1
3314,0
3315,1
3318,1
3321,0
3322,1
3331,0
3346,1
3359,0
3375,0
3394,1
4112,0
3685,1
3390,1
3688,1
3696,1
3406,1
3742,0
3745,0
3746,1
3470,1
3751,1
3472,0
3760,0
3761,1
3762,1
3768,0
3772,1
3777,1
3771,1
3778,0
3475,0
3780,1
3787,0
3496,1
3513,1
3812,1
3515,1
3814,1
3813,0
3817,1
3820,0
3826,1
3822,0
3837,1
3836,1
3843,1
3845,1
3530,1
3529,1
3871,1
3883,1
3562,0
3888,1
3897,1
3565,1
3903,1
3907,0
3913,1
3571,1
3572,0
3573,1
3951,0
3592,0
3952,0
3982,0
3983,0
3611,0
3613,1
4155,0
3614,1
4164,0
4156,0
4165,0
4185,0
4183,1
4184,0
4192,0
3646,0
3647,1
4206,0
4207,0
4214,0
3653,0
4234,0
4245,0
3663,1
3664,1
3665,0
4261,0
4262,0
4043,0
4048,1
4023,1
4019,0
4005,0
4059,0
4063,1
4066,0
4070,1
4093,1
4122,0
4127,0
4126,0
4290,1
4271,1
4283,1
4319,0
4332,0
4350,1
4538,0
4540,1
4535,1
4556,1
4557,1
4563,1
4558,1
4559,1
4548,1
4554,1
4555,1
4552,1
4551,0
4560,1
4553,1
4545,1
4546,1
4572,1
4574,0
4571,1
4573,1
4579,1
4580,1
4597,0
4595,1
4585,1
4583,1
4609,1
4629,1
4615,1
4618,1
4619,1
4638,1
4627,1
4625,1
4653,1
4654,1
4649,1
4666,1
4705,1
4688,1
4702,1
4713,1
4709,1
4710,1
4707,1
4723,1
4725,1
4742,1
4741,1
4728,1
4737,1
4729,1
4712,1
4691,1
4735,1
4732,1
4718,1
4703,1
4717,1
4708,1
4694,1
4727,1
4704,0
4726,1
4714,1
4733,1
4731,0
4701,1
4699,0
4755,1
4746,0
4747,1
4749,1
4750,1
4783,1
4774,1
4762,1
4785,1
4786,1
4763,1
4779,0
4776,0
4777,1
4778,0
4793,1
4808,0
4788,1
4799,1
4815,1
4819,1
4820,0
4822,0
4828,0
4871,1
4868,1
4877,1
4878,1
4869,1
4875,0
4876,1
4885,1
4886,0
4882,0
4911,1
4913,1
4902,1
4918,1
4904,0
4908,0
5183,1
5189,1
5192,1
5203,1
5211,1
5209,1
5213,1
5218,1
5219,0
5223,1
5277,1
5281,1
5266,1
5290,1
5264,1
5314,1
5262,1
5317,1
5323,1
5271,1
5331,1
5329,1
5332,1
5337,0
5346,1
5350,1
5349,1
5273,1
5359,1
5360,1
5363,1
5364,1
5368,1
5369,1
5294,1
5367,1
5295,1
5296,1
5371,1
5297,1
5372,1
5373,1
5375,1
5382,1
5383,1
5384,0
5389,1
5396,1
5302,1
5402,1
5303,1
331,1
332,1
352,1
502,0
504,0
512,0
499,0
509,0
508,0
513,0
514,0
516,0
519,0
522,0
523,0
2988,0
2989,0
2991,0
2993,0
2997,0
2995,0
3002,0
3005,0
3016,0
3013,0
3018,0
3015,0
3024,0
3025,0
3023,0
3027,0
3032,0
3021,0
3036,0
3035,0
3037,0
3398,0
3399,0
3404,0
3407,0
3413,0
3427,0
3438,0
3436,0
3445,0
4410,0
4367,0
4412,0
4419,0
4364,0
4418,0
4413,0
4425,0
4401,0
4429,0
4385,0
4426,0
4405,0
4393,0
4436,0
4424,0
4409,0
4403,0
4386,0
4423,0
4372,0
4417,0
4375,0
4373,0
4421,0
4422,0
4432,0
4395,0
4389,0
4383,0
4384,0
4374,0
4494,0
4493,0
4510,0
4516,0
4497,0
4498,0
4500,0
4496,0
4924,0
4939,0
4941,0
4950,0
4973,0
4947,0
4962,0
5019,0
4993,0
5001,0
4983,0
5007,0
5004,0
,0
,1
,1
,1
,1
,1
,1
,1
,1
,1
,0
,1
,1
,1
,1
,1
,1
,1
,1
,1
,1
,1
,1
,1
,1
,1
,1
,1
,1
,1
,1
,1
,1
,1
,1
,1
,1
,1
,1
,1
,1
,1
,1
,1
,1
,1
,1
,1
,1
,1
,1
,1
,1
,1
,1
,1
,1
,1
,1
,1
,1
,1
,1
,1
,1
,1
,1
,1
,1
,1
,1
,1
,1
,1
,1
,1
,1
,1
,1
,0
,0
,0
,0
,0
,0
,0
,0
,0
,0
,0
,0
,0
,0
,0
,0
,0
,0
,0
,0
,0
,0
,0
,0
,0
,0
,0
,0
,0
,0
,0
,0
,0
,0
,0
,0
,0
,0
,0
,0
,0
,0
,0
,0
,1
,1
,0
,0
,1
,1
,0
,0
,0
,0
,0
,0